Variable,Unit,2015,2016,2017,2018,2019,2020,2021,2022,2023,2024,2025,2026,2027,2028,2029,2030,2031,2032,2033,2034,2035,2036,2037,2038,2039,2040,2041,2042,2043,2044,2045,2046,2047,2048,2049,2050,2051,2052,2053,2054,2055,2056,2057,2058,2059,2060,2061,2062,2063,2064,2065,2066,2067,2068,2069,2070,2071,2072,2073,2074,2075,2076,2077,2078,2079,2080,2081,2082,2083,2084,2085,2086,2087,2088,2089,2090,2091,2092,2093,2094,2095,2096,2097,2098,2099,2100
AR6 climate diagnostics|Infilled|Emissions|BC,Mt BC/yr,9.727423577,9.490278996,9.255400977,9.02277488,8.792386065,8.564219895,8.37379549,8.183883329,7.958480836,7.783879021,7.606907623,7.508991043,7.355972983,7.218825658,6.993148428,6.818033732,6.690581208,6.530459528,6.402384869,6.201079591,6.060982933,5.938714492,5.835178697,5.68805281,5.541592827,5.396346255,5.247250786,5.091607071,4.919032411,4.72086749,4.544441562,4.411135065,4.278724731,4.145537593,3.987880675,3.815924081,3.769371334,3.711776765,3.653397828,3.593153567,3.526462575,3.472897802,3.422189531,3.37733864,3.334479559,3.261665644,3.203497767,3.172215382,3.123909017,3.06072937,3.030086272,3.00637608,2.96626028,2.925077109,2.874683703,2.827636904,2.794716276,2.745202342,2.703654226,2.662057935,2.618180256,2.563944712,2.521574951,2.45838313,2.411391824,2.370879175,2.350890081,2.318368033,2.282499187,2.253626611,2.224169371,2.186821745,2.153446725,2.130255697,2.136594323,2.109229128,2.073582244,2.019894953,1.98267167,1.955502317,1.944906188,1.927587599,1.904860406,1.877344331,1.839792793,1.809030518
AR6 climate diagnostics|Infilled|Emissions|CCl4,kt CCl4/yr,47.5476,45.01854578,42.48256265,39.95350843,37.42445422,34.8954,33.28229483,31.67359704,30.06489926,28.45620148,26.8430963,25.23439852,23.62570074,22.01700296,20.40389778,18.7952,17.92849491,17.06178981,16.19271019,15.32600509,14.4593,13.59259491,12.72351528,11.85681019,10.99010509,10.1234,9.655424966,9.188728552,8.722032138,8.255335724,7.78736069,7.320664276,6.853967862,6.387271448,5.919296414,5.4526,5.201167771,4.949735542,4.697614458,4.446182229,4.19475,3.943317771,3.691196687,3.439764458,3.188332229,2.9369,2.801130331,2.665731618,2.530332904,2.394934191,2.259164522,2.123765809,1.988367096,1.852968382,1.717198713,1.5818,1.508859967,1.435919934,1.362780066,1.289840033,1.2169,1.143959967,1.070820099,0.997880066,0.924940033,0.852,0.812614673,0.773336956,0.734059239,0.694781522,0.655396195,0.616118478,0.576840761,0.537563044,0.498177717,0.4589,0.437631654,0.416363308,0.395036692,0.373768346,0.3525,0.331231654,0.309905038,0.288636692,0.267368346,0.2461
AR6 climate diagnostics|Infilled|Emissions|CFC11,kt CFC11/yr,43.5734,41.88174693,40.1854592,38.49380613,36.80215307,35.1105,33.87673033,32.64633162,31.4159329,30.18553419,28.95176452,27.72136581,26.4909671,25.26056838,24.02679871,22.7964,21.99731785,21.19823571,20.39696429,19.59788215,18.7988,17.99971785,17.19844644,16.39936429,15.60028215,14.8012,14.28109526,13.76241158,13.24372789,12.72504421,12.20493947,11.68625579,11.16757211,10.64888842,10.12878368,9.6101,9.273234584,8.936369168,8.598580832,8.261715416,7.92485,7.587984584,7.250196249,6.913330832,6.576465416,6.2396,6.020340652,5.801680372,5.583020093,5.364359814,5.145100465,4.926440186,4.707779907,4.489119628,4.269860279,4.0512,3.909197809,3.767195619,3.624804381,3.482802191,3.3408,3.198797809,3.056406572,2.914404381,2.772402191,2.6304,2.537963208,2.445778976,2.353594744,2.261410512,2.16897372,2.076789488,1.984605256,1.892421024,1.799984232,1.7078,1.647722919,1.587645838,1.527404162,1.467327081,1.40725,1.347172919,1.286931243,1.226854162,1.166777081,1.1067
AR6 climate diagnostics|Infilled|Emissions|CFC113,kt CFC113/yr,0.8742,0.781610734,0.688767798,0.596178532,0.503589266,0.411,0.378928661,0.346944949,0.314961237,0.282977525,0.250906187,0.218922475,0.186938763,0.154955051,0.122883712,0.0909,0.083823877,0.076747755,0.069652245,0.062576123,0.0555,0.048423877,0.041328368,0.034252245,0.027176123,0.0201,0.018526992,0.016958281,0.01538957,0.01382086,0.012247851,0.01067914,0.00911043,0.007541719,0.005968711,0.0044,0.004060186,0.003720372,0.003379628,0.003039814,0.0027,0.002360186,0.002019441,0.001679628,0.001339814,0.001,0.000919847,0.000839912,0.000759978,0.000680044,0.000599891,0.000519956,0.000440022,0.000360088,0.000279934,0.0002,0.000180011,0.000160022,0.000139978,0.000119989,0.0001,0.000080011,5.99671E-005,3.99781E-005,0.000019989,0,0,0,0,0,0,0,0,0,0,0,0,0,0,0,0,0,0,0,0,0
AR6 climate diagnostics|Infilled|Emissions|CFC114,kt CFC114/yr,1.6696,1.515315993,1.36060929,1.206325284,1.052041277,0.89775727,0.833803898,0.770025262,0.706246625,0.642467989,0.578514617,0.514735981,0.450957345,0.387178708,0.323225336,0.2594467,0.24101771,0.222588721,0.204109241,0.185680252,0.167251262,0.148822272,0.130342793,0.111913803,0.093484814,0.075055824,0.069713282,0.064385337,0.059057392,0.053729447,0.048386904,0.043058959,0.037731014,0.032403069,0.027060527,0.021732582,0.020187503,0.018642423,0.017093111,0.015548032,0.014002952,0.012457873,0.010908561,0.009363481,0.007818402,0.006273323,0.005824369,0.005376643,0.004928917,0.00448119,0.004032237,0.00358451,0.003136784,0.002689057,0.002240104,0.001792378,0.001658023,0.001523668,0.001388946,0.001254591,0.001120236,0.000985881,0.000851159,0.000716804,0.000582449,0.000448094,0.000425647,0.00040326,0.000380874,0.000358488,0.00033604,0.000313654,0.000291268,0.000268881,0.000246434,0.000224047,0.000201655,0.000179262,0.000156809,0.000134416,0.000112024,8.96312E-005,6.71774E-005,4.47849E-005,2.23925E-005,0
AR6 climate diagnostics|Infilled|Emissions|CFC115,kt CFC115/yr,1.6714,1.614252774,1.556948979,1.499801753,1.442654526,1.3855073,1.34206557,1.298742533,1.255419496,1.212096459,1.168654728,1.125331691,1.082008654,1.038685617,0.995243887,0.95192085,0.922187418,0.892453987,0.862639093,0.832905662,0.80317223,0.773438798,0.743623905,0.713890473,0.684157042,0.65442361,0.633918269,0.613468954,0.593019638,0.572570323,0.552064982,0.531615667,0.511166352,0.490717036,0.470211695,0.44976238,0.43570402,0.42164566,0.407548785,0.393490425,0.379432065,0.365373705,0.351276829,0.33721847,0.32316011,0.30910175,0.2994128,0.289750323,0.280087846,0.270425369,0.260736419,0.251073941,0.241411464,0.231748987,0.222060037,0.21239756,0.205754985,0.19911241,0.192451635,0.18580906,0.179166485,0.17252391,0.165863136,0.15922056,0.152577985,0.14593541,0.141355179,0.136787462,0.132219746,0.127652029,0.123071798,0.118504081,0.113936364,0.109368648,0.104788417,0.1002207,0.097057569,0.093894438,0.090722641,0.08755951,0.08439638,0.081233249,0.078061452,0.074898321,0.07173519,0.068572059
AR6 climate diagnostics|Infilled|Emissions|CFC12,kt CFC12/yr,14.6096,12.88868297,11.1630511,9.442134064,7.721217032,6.0003,5.500534164,5.002133808,4.503733452,4.005333096,3.50556726,3.007166904,2.508766548,2.010366192,1.510600356,1.0122,0.928096084,0.843992169,0.759657831,0.675553916,0.59145,0.507346084,0.423011747,0.338907831,0.254803916,0.1707,0.156482809,0.142304462,0.128126116,0.113947769,0.099730578,0.085552231,0.071373884,0.057195538,0.042978347,0.0288,0.026411309,0.024022618,0.021627382,0.019238691,0.01685,0.014461309,0.012066073,0.009677382,0.007288691,0.0049,0.004489214,0.004079551,0.003669888,0.003260224,0.002849439,0.002439776,0.002030112,0.001620449,0.001209663,0.0008,0.000730038,0.000660077,0.000589923,0.000519962,0.00045,0.000380038,0.000309885,0.000239923,0.000169962,0.0001,8.99808E-005,7.99891E-005,6.99973E-005,6.00055E-005,4.99863E-005,3.99945E-005,3.00027E-005,2.00109E-005,9.99179E-006,-1.35525E-020,0.001199343,0.002398686,0.003601314,0.004800657,0.006,0.007199343,0.008401972,0.009601314,0.010800657,0.012
AR6 climate diagnostics|Infilled|Emissions|CH2Cl2,kt CH2Cl2/yr,1267.9806,1316.112906,1364.377082,1412.509388,1460.641694,1508.774,1398.15813,1287.844488,1177.530847,1067.217206,956.6013354,846.2876942,735.9740529,625.6604117,515.0445413,404.7309,395.9675918,387.2042836,378.4169664,369.6536582,360.89035,352.1270418,343.3397246,334.5764164,325.8131082,317.0498,317.4719273,317.8929013,318.3138753,318.7348493,319.1569767,319.5779507,319.9989247,320.4198987,320.842026,321.263,321.4660887,321.6691774,321.8728226,322.0759113,322.279,322.4820887,322.6857338,322.8888226,323.0919113,323.295,323.7571038,324.217945,324.6787863,325.1396275,325.6017313,326.0625725,326.5234137,326.984255,327.4463588,327.9072,328.5850985,329.2629971,329.9427529,330.6206515,331.29855,331.9764485,332.6562044,333.3341029,334.0120015,334.6899,335.2632766,335.8350866,336.4068967,336.9787067,337.5520833,338.1238933,338.6957033,339.2675134,339.84089,340.4127,340.3254578,340.2382156,340.1507344,340.0634922,339.97625,339.8890078,339.8015266,339.7142844,339.6270422,339.5398
AR6 climate diagnostics|Infilled|Emissions|CH3Br,kt CH3Br/yr,133.823,135.2216536,136.6241392,138.0227928,139.4214464,140.8201,138.0844679,135.3563102,132.6281526,129.8999949,127.1643628,124.4362051,121.7080474,118.9798898,116.2442577,113.5161,113.1906783,112.8652566,112.5389434,112.2135217,111.8881,111.5626783,111.2363651,110.9109434,110.5855217,110.2601,110.04573,109.8319457,109.6181614,109.4043771,109.1900071,108.9762229,108.7624386,108.5486543,108.3342843,108.1205,108.0026946,107.8848891,107.7667609,107.6489554,107.53115,107.4133446,107.2952163,107.1774109,107.0596054,106.9418,106.8768858,106.8121491,106.7474123,106.6826755,106.6177613,106.5530245,106.4882877,106.4235509,106.3586368,106.2939,106.255661,106.2174219,106.1790781,106.140839,106.1026,106.064361,106.0260171,105.9877781,105.949539,105.9113,105.8788479,105.8464845,105.8141211,105.7817577,105.7493057,105.7169423,105.6845789,105.6522155,105.6197634,105.5874,105.5550177,105.5226355,105.4901645,105.4577823,105.4254,105.3930177,105.3605468,105.3281645,105.2957823,105.2634
AR6 climate diagnostics|Infilled|Emissions|CH3CCl3,kt CH3CCl3/yr,0,0,0,0,0,0,0,0,0,0,0,0,0,0,0,0,0,0,0,0,0,0,0,0,0,0,0,0,0,0,0,0,0,0,0,0,0,0,0,0,0,0,0,0,0,0,0,0,0,0,0,0,0,0,0,0,0,0,0,0,0,0,0,0,0,0,0,0,0,0,0,0,0,0,0,0,0,0,0,0,0,0,0,0,0,0
AR6 climate diagnostics|Infilled|Emissions|CH3Cl,kt CH3Cl/yr,5404.8069,5438.242879,5471.770463,5505.206442,5538.642421,5572.0784,5485.053128,5398.26563,5311.478133,5224.690635,5137.665363,5050.877865,4964.090367,4877.30287,4790.277598,4703.4901,4693.639318,4683.788535,4673.910765,4664.059982,4654.2092,4644.358418,4634.480647,4624.629865,4614.779082,4604.9283,4595.890986,4586.878363,4577.865741,4568.853118,4559.815804,4550.803182,4541.790559,4532.777937,4523.740622,4514.728,4510.09172,4505.455441,4500.806459,4496.17018,4491.5339,4486.89762,4482.248639,4477.612359,4472.97608,4468.3398,4465.897309,4463.461491,4461.025673,4458.589855,4456.147363,4453.711545,4451.275727,4448.839909,4446.397418,4443.9616,4441.947634,4439.933667,4437.914183,4435.900216,4433.88625,4431.872284,4429.852799,4427.838833,4425.824866,4423.8109,4421.205026,4418.606272,4416.007518,4413.408764,4410.80289,4408.204136,4405.605382,4403.006628,4400.400754,4397.802,4395.202534,4392.603069,4389.996481,4387.397016,4384.79755,4382.198084,4379.591497,4376.992031,4374.392566,4371.7931
AR6 climate diagnostics|Infilled|Emissions|CH4,Mt CH4/yr,388.0727957,391.106722,394.1322777,397.1494627,400.158277,403.1587207,396.1932991,389.2434804,382.3092643,375.3906511,368.4876405,364.0424824,359.6070114,355.1812277,350.7651313,346.3587221,340.1625976,333.9805454,327.8125654,321.6586577,315.5188221,313.2907634,311.0672203,308.8481928,306.633681,304.4236849,302.8599221,301.2990919,299.7411942,298.1862291,296.6341965,294.357108,292.084759,289.8171497,287.55428,285.29615,283.1838634,281.0759641,278.9724519,276.8733269,274.778589,272.6882384,270.6022749,268.5206985,266.4435094,264.3707074,262.5928849,260.8187146,259.0481965,257.2813305,255.5181167,253.758555,252.0026455,250.2503882,248.5017829,246.7568299,245.5391859,244.3238526,243.11083,241.9001181,240.6917168,239.4856262,238.2818462,237.0803769,235.8812183,234.6843703,233.2808794,231.8773884,230.4738975,229.0704065,227.6669156,226.2634246,224.8599336,223.4564427,222.0529517,220.6494608,219.1309477,217.6124347,216.0939216,214.5754085,213.0568955,211.5383824,210.0198694,208.5013563,206.9828433,205.4643302
AR6 climate diagnostics|Infilled|Emissions|CHCl3,kt CHCl3/yr,459.6462,468.7647775,477.9083374,487.026915,496.1454925,505.26407,487.4290703,469.6428002,451.85653,434.0702599,416.2352602,398.4489901,380.66272,362.8764498,345.0414501,327.25518,325.1335525,323.0119251,320.8844849,318.7628575,316.64123,314.5196025,312.3921624,310.2705349,308.1489075,306.02728,304.629698,303.2359346,301.8421711,300.4484077,299.0508257,297.6570623,296.2632989,294.8695354,293.4719534,292.07819,291.3101628,290.5421357,289.7720043,289.0039772,288.23595,287.4679228,286.6977915,285.9297643,285.1617372,284.39371,283.9704856,283.5484175,283.1263494,282.7042813,282.2810568,281.8589887,281.4369206,281.0148525,280.5916281,280.16956,279.9203156,279.6710711,279.4211439,279.1718994,278.922655,278.6734106,278.4234833,278.1742389,277.9249944,277.67575,277.4641333,277.2530947,277.0420562,276.8310176,276.6194009,276.4083624,276.1973238,275.9862853,275.7746685,275.56363,275.3525427,275.1414553,274.9297897,274.7187023,274.507615,274.2965277,274.084862,273.8737747,273.6626873,273.4516
AR6 climate diagnostics|Infilled|Emissions|CO,Mt CO/yr,934.3498847,921.6810514,908.7847872,896.0353664,883.3020133,870.4419806,858.5363292,842.3234666,829.9374776,814.6022523,802.7541172,791.9648773,782.2623792,773.7463414,760.5081007,746.1035171,737.6190071,723.6502059,710.872118,695.3260972,681.4818911,669.3482583,654.4502596,639.7202931,624.7116819,608.4167791,594.9882747,582.1628851,569.9652873,557.6537547,544.3765644,533.2553569,520.1795636,507.9938203,496.2141683,484.7904357,483.3968936,481.0038244,478.7014294,477.6176433,475.7264563,471.7579398,467.9088917,463.9478178,459.4748582,454.5268041,452.7069787,448.8963495,444.3524814,440.5578183,436.4803275,433.3707957,430.9645849,427.5429586,422.869592,418.639247,415.7701006,412.6050763,407.1565628,403.0693026,399.9406716,397.2848984,393.2975302,390.7621726,387.6652549,383.2335355,380.6752469,378.9736894,375.5822952,372.5173551,369.9420312,366.8126085,364.3610416,361.7923836,358.5872974,354.8324818,353.4933617,350.8360341,347.6413762,342.7184275,339.4967041,336.3207074,333.3613065,330.657478,327.5973319,323.9649523
AR6 climate diagnostics|Infilled|Emissions|CO2|AFOLU,Mt CO2/yr,3517.44,3540.366514,3563.293029,3586.219543,3609.146057,3632.072571,3332.288445,3032.50432,2732.720194,2432.936068,2133.151942,2060.383614,1987.615287,1914.84696,1842.078632,1769.310305,1592.947509,1416.584713,1240.221918,1063.859122,887.4963266,806.9717063,726.447086,645.9224657,565.3978454,484.873225,356.5843457,228.2954664,100.0065871,-28.28229224,-156.5711716,-53.56205667,49.44705821,152.4561731,255.465288,358.4744029,222.8942571,87.31411141,-48.2660343,-183.84618,-319.4263257,-455.0064715,-590.5866172,-726.1667629,-861.7469086,-997.3270543,-1015.997977,-1034.6689,-1053.339823,-1072.010746,-1090.681668,-1109.352591,-1128.023514,-1146.694437,-1165.36536,-1184.036283,-1200.32077,-1216.605258,-1232.889745,-1249.174233,-1265.45872,-1281.743208,-1298.027695,-1314.312183,-1330.59667,-1346.881158,-1372.994387,-1399.107617,-1425.220847,-1451.334076,-1477.447306,-1503.560535,-1529.673765,-1555.786995,-1581.900224,-1608.013454,-1413.644587,-1219.27572,-1024.906853,-830.537986,-636.169119,-441.800252,-247.431385,-53.06251804,141.3063489,335.6752159
AR6 climate diagnostics|Infilled|Emissions|CO2|Energy and Industrial Processes,Mt CO2/yr,35635.2863,35459.44354,35283.52128,35107.51951,34931.43824,34755.27746,33672.78947,32589.82988,31506.3987,30422.49592,29338.12155,28620.82381,27903.21333,27185.2901,26467.05413,25748.50541,25189.59731,24630.44552,24071.05004,23511.41086,22951.528,22270.71531,21589.60688,20908.20271,20226.5028,19544.50716,18717.26581,17889.66628,17061.70857,16233.39268,15404.71861,14490.10012,13575.08661,12659.6781,11743.87457,10827.67604,9845.311835,8862.52435,7879.313581,6895.67953,5911.622197,4927.141581,3942.237683,2956.910502,1971.160039,984.9862931,326.4817826,-332.3052782,-991.3748892,-1650.72705,-2310.361762,-2970.279023,-3630.478835,-4290.961197,-4951.726109,-5612.773571,-5760.922346,-5909.134018,-6057.408587,-6205.746052,-6354.146415,-6502.609674,-6651.13583,-6799.724883,-6948.376832,-7097.091679,-7537.722725,-7978.353771,-8418.984817,-8859.615863,-9300.246909,-9740.877955,-10181.509,-10622.14005,-11062.77109,-11503.40214,-11664.29714,-11825.19214,-11986.08714,-12146.98214,-12307.87714,-12468.77214,-12629.66714,-12790.56214,-12951.45714,-13112.35214
AR6 climate diagnostics|Infilled|Emissions|HCFC141b,kt HCFC141b/yr,59.82,60.84231843,61.86743772,62.88975615,63.91207457,64.934393,63.83809536,62.74479306,61.65149077,60.55818847,59.46189083,58.36858853,57.27528623,56.18198394,55.0856863,53.992384,51.77101719,49.54965037,47.32219763,45.10083081,42.879464,40.65809719,38.43064444,36.20927763,33.98791081,31.766544,30.40352533,29.04423076,27.68493619,26.32564162,24.96262295,23.60332838,22.24403381,20.88473924,19.52172057,18.162426,17.38503537,16.60764473,15.82812427,15.05073363,14.273343,13.49595237,12.7164319,11.93904127,11.16165063,10.38426,9.938706178,9.494369716,9.050033254,8.605696792,8.16014297,7.715806508,7.271470046,6.827133584,6.381579762,5.9372433,5.683123374,5.429003448,5.174187302,4.920067376,4.66594745,4.411827524,4.157011379,3.902891452,3.648771526,3.3946516,3.248992267,3.103730909,2.958469552,2.813208195,2.667548862,2.522287505,2.377026148,2.231764791,2.086105457,1.9408441,1.866835493,1.792826885,1.718615515,1.644606907,1.5705983,1.496589693,1.422378322,1.348369715,1.274361107,1.2003525
AR6 climate diagnostics|Infilled|Emissions|HCFC142b,kt HCFC142b/yr,22.47,21.99041838,21.50952285,21.02994123,20.55035962,20.070778,19.22492765,18.38138837,17.53784909,16.69430981,15.84845947,15.00492019,14.16138091,13.31784163,12.47199128,11.628452,10.82606061,10.02366921,9.219079487,8.416688093,7.6142967,6.811905307,6.00731558,5.204924187,4.402532793,3.6001414,3.340706463,3.081980365,2.823254266,2.564528168,2.305093231,2.046367132,1.787641034,1.528914935,1.269479998,1.0107539,0.938095956,0.865438011,0.792581004,0.719923059,0.647265115,0.574607171,0.501750163,0.429092219,0.356434274,0.28377633,0.263322648,0.242924849,0.222527051,0.202129253,0.181675571,0.161277773,0.140879975,0.120482177,0.100028494,0.079630696,0.073910885,0.068191074,0.062455592,0.056735781,0.05101597,0.045296158,0.039560676,0.033840865,0.028121054,0.022401243,0.020787556,0.019178279,0.017569001,0.015959724,0.014346037,0.012736759,0.011127482,0.009518204,0.007904517,0.00629524,0.007757877,0.009220515,0.010687159,0.012149797,0.013612434,0.015075071,0.016541716,0.018004353,0.019466991,0.020929628
AR6 climate diagnostics|Infilled|Emissions|HCFC22,kt HCFC22/yr,358.8813,351.6291798,344.3571907,337.1050705,329.8529502,322.60083,304.6374137,286.7230779,268.808742,250.8944061,232.9309898,215.0166539,197.102318,179.1879821,161.2245659,143.31023,131.0148212,118.7194124,106.3903176,94.09490879,81.7995,69.50409121,57.17499637,44.87958758,32.58417879,20.28877,18.44469738,16.6056632,14.76662903,12.92759485,11.08352223,9.24448805,7.405453875,5.5664197,3.722347075,1.8833129,1.712559619,1.541806339,1.370585241,1.199831961,1.02907868,0.858325399,0.687104302,0.516351021,0.345597741,0.17484446,0.158954939,0.143108832,0.127262725,0.111416618,0.095527097,0.079680989,0.063834882,0.047988775,0.032099254,0.016253147,0.014776397,0.013299648,0.011818852,0.010342103,0.008865353,0.007388603,0.005907808,0.004431058,0.002954308,0.001477559,0.001345969,0.001214738,0.001083507,0.000952276,0.000820686,0.000689456,0.000558225,0.000426994,0.000295404,0.000164173,0.001050223,0.001936273,0.00282475,0.0037108,0.00459685,0.005482899,0.006371377,0.007257426,0.008143476,0.009029526
AR6 climate diagnostics|Infilled|Emissions|HFC|HFC125,kt HFC125/yr,78.7906,93.50229725,108.2139945,122.9256917,137.637389,152.3490862,143.9492131,135.5493399,127.1494668,118.7495936,110.3497204,101.9498473,93.54997411,85.15010095,76.75022779,68.35035463,69.32582744,70.30130026,71.27677307,72.25224589,73.2277187,74.20319152,75.17866434,76.15413715,77.12960997,78.10508278,79.25923836,80.41339393,81.56754951,82.72170508,83.87586066,85.03001623,86.18417181,87.33832738,88.49248296,89.64663853,90.41230421,91.1779699,91.94363558,92.70930126,93.47496694,94.24063263,95.00629831,95.77196399,96.53762967,97.30329536,97.95458551,98.60587566,99.25716581,99.90845596,100.5597461,101.2110363,101.8623264,102.5136166,103.1649067,103.8161969,104.3690932,104.9219895,105.4748859,106.0277822,106.5806785,107.1335749,107.6864712,108.2393676,108.7922639,109.3451602,109.8480859,110.3510116,110.8539373,111.3568629,111.8597886,112.3627143,112.86564,113.3685656,113.8714913,114.374417,114.971298,115.568179,116.1650601,116.7619411,117.3588221,117.9557031,118.5525842,119.1494652,119.7463462,120.3432272
AR6 climate diagnostics|Infilled|Emissions|HFC|HFC134a,kt HFC134a/yr,201.9534,208.6855857,215.4177714,222.1499571,228.8821428,235.6143285,232.6607453,229.707162,226.7535788,223.7999956,220.8464124,217.8928291,214.9392459,211.9856627,209.0320795,206.0784963,206.0942355,206.1099747,206.1257139,206.1414531,206.1571923,206.1729315,206.1886707,206.2044099,206.2201491,206.2358884,207.8412488,209.4466093,211.0519698,212.6573303,214.2626908,215.8680513,217.4734118,219.0787723,220.6841328,222.2894933,223.790713,225.2919327,226.7931525,228.2943722,229.795592,231.2968117,232.7980314,234.2992512,235.8004709,237.3016907,238.7392305,240.1767703,241.6143102,243.05185,244.4893898,245.9269297,247.3644695,248.8020093,250.2395492,251.677089,252.9708114,254.2645338,255.5582563,256.8519787,258.1457011,259.4394235,260.7331459,262.0268683,263.3205908,264.6143132,265.7990572,266.9838012,268.1685452,269.3532892,270.5380332,271.7227772,272.9075212,274.0922652,275.2770092,276.4617532,277.6947826,278.927812,280.1608413,281.3938707,282.6269001,283.8599295,285.0929589,286.3259883,287.5590177,288.7920471
AR6 climate diagnostics|Infilled|Emissions|HFC|HFC143a,kt HFC143a/yr,32.381,38.24492566,44.10885133,49.97277699,55.83670265,61.70062831,61.28928152,60.87793473,60.46658793,60.05524114,59.64389435,59.23254756,58.82120076,58.40985397,57.99850718,57.58716038,58.65417263,59.72118487,60.78819712,61.85520936,62.92222161,63.98923385,65.0562461,66.12325834,67.19027059,68.25728283,69.40552683,70.55377084,71.70201484,72.85025885,73.99850285,75.14674686,76.29499086,77.44323487,78.59147887,79.73972287,80.53277898,81.32583509,82.1188912,82.91194731,83.70500342,84.49805953,85.29111563,86.08417174,86.87722785,87.67028396,88.34429957,89.01831518,89.69233079,90.3663464,91.04036201,91.71437762,92.38839323,93.06240884,93.73642445,94.41044007,95.01252358,95.6146071,96.21669062,96.81877413,97.42085765,98.02294117,98.62502469,99.2271082,99.82919172,100.4312752,101.0194839,101.6076926,102.1959013,102.78411,103.3723187,103.9605274,104.5487361,105.1369448,105.7251535,106.3133622,106.9831222,107.6528823,108.3226423,108.9924024,109.6621625,110.3319225,111.0016826,111.6714426,112.3412027,113.0109627
AR6 climate diagnostics|Infilled|Emissions|HFC|HFC152a,kt HFC152a/yr,55.8814,56.56389623,57.24826231,57.93075854,58.61325477,59.295751,53.9058659,48.53070726,43.15554861,37.78038997,32.39050487,27.01534623,21.64018759,16.26502894,10.87514384,5.4999852,5.152182207,4.804379214,4.455623336,4.107820343,3.76001735,3.412214357,3.063458479,2.715655486,2.367852493,2.0200495,2.006917043,1.993820468,1.980723892,1.967627316,1.954494859,1.941398284,1.928301708,1.915205132,1.902072676,1.8889761,1.875866323,1.862756547,1.849610853,1.836501077,1.8233913,1.810281523,1.79713583,1.784026053,1.770916277,1.7578065,1.751842463,1.745894722,1.73994698,1.733999239,1.728035202,1.722087461,1.71613972,1.710191978,1.704227941,1.6982802,1.697684297,1.697088393,1.696490857,1.695894953,1.69529905,1.694703147,1.69410561,1.693509707,1.692913803,1.6923179,1.690525802,1.688738601,1.6869514,1.685164199,1.683372102,1.681584901,1.6797977,1.678010499,1.676218401,1.6744312,1.663118739,1.651806277,1.640462823,1.629150361,1.6178379,1.606525439,1.595181984,1.583869523,1.572557061,1.5612446
AR6 climate diagnostics|Infilled|Emissions|HFC|HFC227ea,kt HFC227ea/yr,3.6633,4.063689623,4.464079245,4.864468868,5.264858491,5.665248114,5.678664421,5.692080729,5.705497036,5.718913344,5.732329651,5.745745958,5.759162266,5.772578573,5.785994881,5.799411188,5.798903623,5.798396058,5.797888493,5.797380928,5.796873363,5.796365797,5.795858232,5.795350667,5.794843102,5.794335537,5.781362848,5.768390159,5.75541747,5.742444782,5.729472093,5.716499404,5.703526715,5.690554026,5.677581338,5.664608649,5.643352472,5.622096295,5.600840118,5.579583941,5.558327763,5.537071586,5.515815409,5.494559232,5.473303055,5.452046878,5.426717623,5.401388368,5.376059112,5.350729857,5.325400602,5.300071346,5.274742091,5.249412836,5.22408358,5.198754325,5.171356574,5.143958822,5.11656107,5.089163319,5.061765567,5.034367815,5.006970064,4.979572312,4.952174561,4.924776809,4.896714604,4.8686524,4.840590195,4.812527991,4.784465786,4.756403582,4.728341377,4.700279173,4.672216969,4.644154764,4.618058189,4.591961615,4.56586504,4.539768466,4.513671891,4.487575316,4.461478742,4.435382167,4.409285592,4.383189018
AR6 climate diagnostics|Infilled|Emissions|HFC|HFC23,kt HFC23/yr,14.4857,13.01495157,11.54420314,10.0734547,8.602706273,7.131957841,6.554989231,5.978020622,5.401052012,4.824083403,4.247114793,3.70818988,3.169264966,2.630340053,2.09141514,1.552490226,1.497208838,1.44192745,1.386646062,1.331364674,1.276083285,1.222668399,1.169253512,1.115838626,1.062423739,1.009008853,0.973929601,0.938850348,0.903771096,0.868691844,0.833612591,0.797160911,0.760709231,0.724257551,0.687805871,0.651354191,0.623356666,0.595359141,0.567361616,0.53936409,0.511366565,0.483259245,0.455151926,0.427044606,0.398937287,0.370829967,0.353262893,0.335695818,0.318128743,0.300561669,0.282994594,0.265317725,0.247640856,0.229963987,0.212287118,0.194610249,0.184838564,0.175066879,0.165295193,0.155523508,0.145751823,0.136035035,0.126318246,0.116601458,0.10688467,0.097167882,0.097167882,0.097167882,0.097167882,0.097167882,0.097167882,0.097167882,0.097167882,0.097167882,0.097167882,0.097167882,0.097167882,0.097167882,0.097167882,0.097167882,0.097167882,0.097167882,0.097167882,0.097167882,0.097167882,0.097167882
AR6 climate diagnostics|Infilled|Emissions|HFC|HFC236fa,kt HFC236fa/yr,0.2604,0.29793943,0.335581709,0.373121139,0.41066057,0.4482,0.412110977,0.376120558,0.34013014,0.304139721,0.268050698,0.232060279,0.19606986,0.160079442,0.123990419,0.088,0.084242059,0.080484118,0.076715882,0.072957941,0.0692,0.065442059,0.061673823,0.057915882,0.054157941,0.0504,0.051371859,0.052341062,0.053310266,0.054279469,0.055251328,0.056220531,0.057189734,0.058158938,0.059130797,0.0601,0.060839595,0.061579189,0.062320811,0.063060405,0.0638,0.064539595,0.065281216,0.066020811,0.066760405,0.0675,0.068301533,0.069100876,0.069900219,0.070699562,0.071501095,0.072300438,0.073099781,0.073899124,0.074700657,0.0755,0.076219606,0.076939211,0.077660789,0.078380394,0.0791,0.079819606,0.080541183,0.081260789,0.081980394,0.0827,0.083150862,0.083600493,0.084050123,0.084499754,0.084950616,0.085400246,0.085849877,0.086299507,0.08675037,0.0872,0.08700011,0.086800219,0.086599781,0.08639989,0.0862,0.08600011,0.085799671,0.085599781,0.08539989,0.0852
AR6 climate diagnostics|Infilled|Emissions|HFC|HFC245ca,kt HFC245ca/yr,0,0,0,0,0,0,0,0,0,0,0,0,0,0,0,0,0,0,0,0,0,0,0,0,0,0,0,0,0,0,0,0,0,0,0,0,0,0,0,0,0,0,0,0,0,0,0,0,0,0,0,0,0,0,0,0,0,0,0,0,0,0,0,0,0,0,0,0,0,0,0,0,0,0,0,0,0,0,0,0,0,0,0,0,0,0
AR6 climate diagnostics|Infilled|Emissions|HFC|HFC32,kt HFC32/yr,38.5792,49.07723243,59.57526486,70.07329729,80.57132972,91.06936215,82.01209089,72.95481964,63.89754838,54.84027712,45.78300586,36.7257346,27.66846334,18.61119208,9.553920826,0.496649568,0.519482811,0.542316055,0.565149299,0.587982542,0.610815786,0.63364903,0.656482273,0.679315517,0.702148761,0.724982005,0.700618947,0.676255889,0.651892831,0.627529773,0.603166715,0.578803657,0.554440599,0.530077541,0.505714483,0.481351425,0.449965419,0.418579414,0.387193409,0.355807404,0.324421399,0.293035393,0.261649388,0.230263383,0.198877378,0.167491373,0.166819064,0.166146755,0.165474446,0.164802137,0.164129829,0.16345752,0.162785211,0.162112902,0.161440594,0.160768285,0.166515322,0.17226236,0.178009397,0.183756435,0.189503473,0.19525051,0.200997548,0.206744585,0.212491623,0.218238661,0.202720232,0.187201803,0.171683374,0.156164945,0.140646516,0.125128087,0.109609658,0.094091229,0.0785728,0.063054371,0.067726705,0.072399039,0.077071373,0.081743707,0.086416041,0.091088375,0.095760709,0.100433043,0.105105377,0.109777711
AR6 climate diagnostics|Infilled|Emissions|HFC|HFC365mfc,kt HFC365mfc/yr,4.6492,4.86830914,5.088018579,5.30712772,5.52623686,5.745346,5.241801238,4.739632282,4.237463325,3.735294369,3.231749607,2.729580651,2.227411695,1.725242738,1.221697976,0.71952902,0.679638685,0.639748349,0.599748726,0.55985839,0.519968055,0.48007772,0.440078096,0.400187761,0.360297425,0.32040709,0.322326295,0.324240255,0.326154216,0.328068177,0.329987382,0.331901343,0.333815304,0.335729265,0.337648469,0.33956243,0.340493518,0.341424606,0.342358244,0.343289332,0.34422042,0.345151508,0.346085147,0.347016234,0.347947322,0.34887841,0.350975902,0.353067662,0.355159423,0.357251184,0.359348675,0.361440436,0.363532197,0.365623958,0.367721449,0.36981321,0.372899402,0.375985594,0.379080241,0.382166433,0.385252625,0.388338817,0.391433464,0.394519656,0.397605848,0.40069204,0.403303416,0.405907658,0.408511899,0.411116141,0.413727517,0.416331759,0.418936001,0.421540242,0.424151618,0.42675586,0.426358317,0.425960774,0.425562141,0.425164598,0.424767055,0.424369512,0.42397088,0.423573336,0.423175793,0.42277825
AR6 climate diagnostics|Infilled|Emissions|HFC|HFC43-10,kt HFC43-10/yr,1.1516,1.230989637,1.310379274,1.389768912,1.469158549,1.548548186,1.558017772,1.567487357,1.576956942,1.586426528,1.595896113,1.605365699,1.614835284,1.62430487,1.633774455,1.643244041,1.651360357,1.659476674,1.667592991,1.675709308,1.683825625,1.691941941,1.700058258,1.708174575,1.716290892,1.724407209,1.731141346,1.737875483,1.744609621,1.751343758,1.758077895,1.764812033,1.77154617,1.778280307,1.785014445,1.791748582,1.797631461,1.803514339,1.809397218,1.815280096,1.821162975,1.827045853,1.832928732,1.838811611,1.844694489,1.850577368,1.855203496,1.859829624,1.864455752,1.86908188,1.873708009,1.878334137,1.882960265,1.887586393,1.892212521,1.89683865,1.899670285,1.902501921,1.905333556,1.908165191,1.910996827,1.913828462,1.916660098,1.919491733,1.922323369,1.925155004,1.926009476,1.926863947,1.927718419,1.928572891,1.929427362,1.930281834,1.931136305,1.931990777,1.932845248,1.93369972,1.932624519,1.931549319,1.930474118,1.929398918,1.928323717,1.927248516,1.926173316,1.925098115,1.924022915,1.922947714
AR6 climate diagnostics|Infilled|Emissions|Halon1202,kt Halon1202/yr,0,0,0,0,0,0,0,0,0,0,0,0,0,0,0,0,0,0,0,0,0,0,0,0,0,0,0,0,0,0,0,0,0,0,0,0,0,0,0,0,0,0,0,0,0,0,0,0,0,0,0,0,0,0,0,0,0,0,0,0,0,0,0,0,0,0,0,0,0,0,0,0,0,0,0,0,0,0,0,0,0,0,0,0,0,0
AR6 climate diagnostics|Infilled|Emissions|Halon1211,kt Halon1211/yr,3.2933,3.071701424,2.849495728,2.627897152,2.406298576,2.1847,2.062135587,1.93990605,1.817676512,1.695446975,1.572882562,1.450653025,1.328423488,1.20619395,1.083629537,0.9614,0.90759948,0.853798959,0.799851041,0.74605052,0.69225,0.63844948,0.584501561,0.530701041,0.47690052,0.4231,0.399364604,0.37569406,0.352023515,0.32835297,0.304617575,0.28094703,0.257276485,0.23360594,0.209870545,0.1862,0.175775712,0.165351424,0.154898576,0.144474288,0.13405,0.123625712,0.113172864,0.102748576,0.092324288,0.0819,0.077311224,0.072734985,0.068158746,0.063582508,0.058993731,0.054417492,0.049841254,0.045265015,0.040676239,0.0361,0.034081106,0.032062212,0.030037788,0.028018894,0.026,0.023981106,0.021956681,0.019937788,0.017918894,0.0159,0.015008295,0.014119025,0.013229756,0.012340487,0.011448782,0.010559513,0.009670244,0.008780975,0.007889269,0.007,0.007099945,0.00719989,0.00730011,0.007400055,0.0075,0.007599945,0.007700164,0.00780011,0.007900055,0.008
AR6 climate diagnostics|Infilled|Emissions|Halon1301,kt Halon1301/yr,1.3378,1.291685268,1.245444195,1.199329463,1.153214732,1.1071,1.072153162,1.037301807,1.002450452,0.967599097,0.932652258,0.897800903,0.862949548,0.828098193,0.793151355,0.7583,0.734413089,0.710526177,0.686573823,0.662686911,0.6388,0.614913089,0.590960734,0.567073823,0.543186911,0.5193,0.50290865,0.486562086,0.470215521,0.453868957,0.437477607,0.421131043,0.404784479,0.388437914,0.372046564,0.3557,0.344496139,0.333292278,0.322057722,0.310853861,0.29965,0.288446139,0.277211583,0.266007722,0.254803861,0.2436,0.235905283,0.22823159,0.220557898,0.212884205,0.205189488,0.197515795,0.189842102,0.18216841,0.174473693,0.1668,0.161552875,0.15630575,0.15104425,0.145797125,0.14055,0.135302875,0.130041375,0.12479425,0.119547125,0.1143,0.110693102,0.107096058,0.103499015,0.099901971,0.096295073,0.092698029,0.089100985,0.085503942,0.081897044,0.0783,0.075831353,0.073362705,0.070887295,0.068418647,0.06595,0.063481353,0.061005942,0.058537295,0.056068647,0.0536
AR6 climate diagnostics|Infilled|Emissions|Halon2402,kt Halon2402/yr,0.3481,0.334287568,0.320437295,0.306624863,0.292812432,0.279,0.269010895,0.259049083,0.249087271,0.239125459,0.229136354,0.219174541,0.209212729,0.199250917,0.189261812,0.1793,0.172903505,0.16650701,0.16009299,0.153696495,0.1473,0.140903505,0.134489485,0.12809299,0.121696495,0.1153,0.111172105,0.107055489,0.102938872,0.098822256,0.094694361,0.090577744,0.086461128,0.082344511,0.078216616,0.0741,0.071451451,0.068802903,0.066147097,0.063498549,0.06085,0.058201451,0.055545646,0.052897097,0.050248549,0.0476,0.045896742,0.044198139,0.042499535,0.040800931,0.039097673,0.037399069,0.035700465,0.034001861,0.032298604,0.0306,0.029510597,0.028421194,0.027328806,0.026239403,0.02515,0.024060597,0.022968209,0.021878806,0.020789403,0.0197,0.018988639,0.018279223,0.017569806,0.016860389,0.016149028,0.015439611,0.014730194,0.014020777,0.013309417,0.0126,0.012150246,0.011700493,0.011249507,0.010799754,0.01035,0.009900246,0.009449261,0.008999507,0.008549754,0.0081
AR6 climate diagnostics|Infilled|Emissions|N2O,kt N2O/yr,10900,10796.52399,10693.45029,10590.7789,10488.50982,10386.64305,10249.91006,10113.7741,9978.235151,9843.293227,9708.948323,9540.08943,9372.02411,9204.752362,9038.274188,8872.589587,8845.504951,8818.431494,8791.369216,8764.318116,8737.278194,8660.399094,8583.818273,8507.53573,8431.551465,8355.865479,8322.380982,8288.949908,8255.572256,8222.248026,8188.977219,7843.209244,7499.348114,7157.393832,6817.346395,6479.205806,6394.062226,6309.314124,6224.961497,6141.004348,6057.442675,5974.276479,5891.505759,5809.130516,5727.150749,5645.566459,5599.502695,5553.616421,5507.907637,5462.376344,5417.022541,5371.846228,5326.847405,5282.026073,5237.38223,5192.915878,5136.99906,5081.334205,5025.921315,4970.76039,4915.851429,4861.194432,4806.789399,4752.636331,4698.735227,4645.086088,4603.625765,4562.165442,4520.705119,4479.244795,4437.784472,4396.324149,4354.863826,4313.403503,4271.94318,4230.482856,4213.148466,4195.814075,4178.479684,4161.145294,4143.810903,4126.476512,4109.142122,4091.807731,4074.47334,4057.13895
AR6 climate diagnostics|Infilled|Emissions|NF3,kt NF3/yr,1.3581,1.309950603,1.26166929,1.213519894,1.165370497,1.1172211,1.057726144,0.998393742,0.939061341,0.879728939,0.820233983,0.760901581,0.701569179,0.642236778,0.582741822,0.52340942,0.516870385,0.51033135,0.5037744,0.497235365,0.49069633,0.484157295,0.477600345,0.47106131,0.464522275,0.45798324,0.449756983,0.441553202,0.43334942,0.425145639,0.416919382,0.408715601,0.40051182,0.392308038,0.384081781,0.375878,0.371024379,0.366170757,0.361303838,0.356450216,0.351596595,0.346742974,0.341876054,0.337022433,0.332168811,0.32731519,0.322708116,0.318113629,0.313519142,0.308924656,0.304317581,0.299723094,0.295128608,0.290534121,0.285927047,0.28133256,0.276497358,0.271662157,0.266813708,0.261978507,0.257143305,0.252308103,0.247459655,0.242624453,0.237789252,0.23295405,0.228956329,0.224969531,0.220982733,0.216995935,0.212998214,0.209011415,0.205024617,0.201037819,0.197040098,0.1930533,0.188936471,0.184819642,0.180691533,0.176574704,0.172457875,0.168341046,0.164212938,0.160096108,0.155979279,0.15186245
AR6 climate diagnostics|Infilled|Emissions|NH3,Mt NH3/yr,65.27970313,65.09478907,64.91004643,64.72499595,64.54227448,64.36447772,63.71710161,63.3501303,63.00121694,63.41695,63.78086247,62.64970387,63.33151028,63.79742786,63.95216333,63.7103333,63.39322678,62.7224102,61.18565638,59.76933443,59.22904471,58.92500803,58.16485728,57.13959813,56.02431797,55.01895969,54.12182149,53.39491115,52.67882823,51.97861321,51.261543,50.73947372,49.98858531,49.21175717,48.47394159,47.74216839,47.75326697,47.71989295,47.71377894,47.7551955,47.7351051,47.69986859,47.7927415,47.80219897,47.80632179,47.79206065,47.78466732,47.75213023,47.72763724,47.70602464,47.68279238,47.65539734,47.63022883,47.61115312,47.58880838,47.65659765,47.61582595,47.5687559,47.51486414,47.45649894,47.38685786,47.30107148,47.21603132,47.15082573,47.07463108,46.7820197,46.70545109,46.6356144,46.60695093,46.60673988,46.6809423,46.65584573,46.62833846,46.61732529,46.59260138,46.57110642,45.8457929,45.4046258,44.88849636,44.29371092,43.63337845,43.98986572,44.40150441,44.89351661,45.61415026,46.5158938
AR6 climate diagnostics|Infilled|Emissions|NOx,Mt NO2/yr,155.52045,152.7732417,150.0477338,147.3438561,144.6615324,142.0005309,138.905036,136.0458388,133.2386342,130.0106921,127.2491798,125.0919107,123.1841708,120.7231774,118.1497071,115.3105364,112.8199777,109.7994591,107.3663418,103.8691328,100.6285496,97.89881468,95.05940484,92.30786323,89.1868759,86.68206708,84.19809928,81.8172375,79.44165799,76.78116419,74.46954865,72.47936056,69.8948115,67.62396318,65.43354268,63.50494897,62.82690591,62.08181827,61.32822402,60.61319971,59.84733191,59.12473787,58.47232759,57.88047788,57.36466236,56.72254698,56.41222365,55.99903475,55.60353274,55.19577417,54.51734981,53.98243803,53.40547482,52.73919881,52.13824254,51.79468017,51.26932041,50.68837615,50.01346417,49.50517265,49.04581148,48.56084763,48.10159349,47.79502352,47.35624115,46.9724964,46.58289917,46.32108136,45.99277944,45.68866058,45.39365273,45.12757663,44.84011971,44.4589334,44.16069064,43.94038992,43.56975855,43.33389992,43.05840433,42.7820499,42.53015303,42.30180876,42.04756372,41.79335119,41.50973184,41.28431859
AR6 climate diagnostics|Infilled|Emissions|OC,Mt OC/yr,34.74602423,34.17576328,33.60629674,33.03764855,32.46985672,31.90290295,31.70017902,31.49193501,30.85610534,30.36613294,29.96018717,29.26781574,29.21230196,29.08545685,28.52715124,28.35038987,28.02326031,27.67274688,27.39683494,26.74512531,26.13693181,25.73905908,25.37266099,24.92059574,24.45152423,23.97019868,23.53368037,23.23107928,22.88224104,22.5033314,22.11406131,21.55775332,21.12940584,20.83093926,20.39343305,19.95268535,20.02963208,19.98831379,19.82703535,19.67544953,19.62466647,19.49753451,19.22912399,18.95020002,18.63790322,18.28623994,18.27435468,18.22998427,18.18894373,18.14476084,18.10498672,18.09481852,18.10196375,18.08057104,18.09060215,17.95548856,17.84376461,17.73140026,17.60295434,17.46878038,17.29939435,17.12936136,16.94362264,16.85807492,16.67885118,16.48520769,16.38513644,16.30303136,16.21645987,16.09254657,15.95747785,15.8442594,15.72467437,15.61359218,15.39235437,15.0307631,15.24096679,15.10746152,14.94372346,14.76103727,14.58227829,14.46656884,14.31568248,14.15377909,13.98185844,13.83783966
AR6 climate diagnostics|Infilled|Emissions|PFC|C2F6,kt C2F6/yr,1.57,1.60147974,1.633255934,1.665328584,1.697697689,1.730363248,1.742486951,1.754600049,1.766702543,1.778794433,1.790875718,1.786455788,1.781790893,1.776881032,1.771726206,1.766326414,1.744827471,1.722865976,1.700441931,1.677555335,1.654206187,1.622594796,1.590417361,1.557673882,1.524364357,1.490488789,1.452045901,1.41298558,1.373307827,1.333012641,1.292100024,1.25304648,1.21340632,1.173179544,1.132366152,1.090966143,1.0555754,1.019677639,0.983272861,0.946361065,0.908942251,0.882320259,0.855323668,0.827952478,0.800206691,0.772086304,0.757869689,0.74344098,0.728800179,0.713947283,0.698882295,0.688475344,0.677910194,0.667186845,0.656305298,0.645265552,0.628904351,0.612329351,0.595540553,0.578537955,0.561321559,0.540764792,0.519961441,0.498911505,0.477614985,0.45607188,0.436707563,0.417121444,0.397313524,0.377283803,0.35703228,0.344552657,0.331930879,0.319166947,0.30626086,0.293212619,0.291074309,0.288901289,0.286693557,0.284451114,0.282173961,0.294508088,0.306946509,0.319489222,0.332136227,0.344887525
AR6 climate diagnostics|Infilled|Emissions|PFC|C3F8,kt C3F8/yr,0.4478,0.469588061,0.491435816,0.513223877,0.535011939,0.5568,0.514168464,0.471653408,0.429138352,0.386623296,0.34399176,0.301476704,0.258961648,0.216446592,0.173815056,0.1313,0.126232777,0.121165553,0.116084447,0.111017223,0.10595,0.100882777,0.09580167,0.090734447,0.085667223,0.0806,0.077263619,0.073936354,0.070609088,0.067281823,0.063945442,0.060618177,0.057290912,0.053963646,0.050627265,0.0473,0.045461008,0.043622015,0.041777985,0.039938992,0.0381,0.036261008,0.034416977,0.032577985,0.030738992,0.0289,0.027888065,0.026878894,0.025869724,0.024860553,0.023848618,0.022839447,0.021830276,0.020821106,0.019809171,0.0188,0.018200329,0.017600657,0.016999343,0.016399671,0.0158,0.015200329,0.014599014,0.013999343,0.013399671,0.0128,0.012299042,0.011799453,0.011299863,0.010800274,0.010299316,0.009799726,0.009300137,0.008800547,0.008299589,0.0078,0.007290279,0.006780559,0.006269441,0.005759721,0.00525,0.004740279,0.004229162,0.003719441,0.003209721,0.0027
AR6 climate diagnostics|Infilled|Emissions|PFC|C4F10,kt C4F10/yr,0.0994,0.104234681,0.109082607,0.113917288,0.118751969,0.12358665,0.114128623,0.104696437,0.095264252,0.085832066,0.076374039,0.066941853,0.057509667,0.048077482,0.038619455,0.029187269,0.028055097,0.026922925,0.02578765,0.024655478,0.023523306,0.022391134,0.02125586,0.020123687,0.018991515,0.017859343,0.017123151,0.01638897,0.015654789,0.014920608,0.014184415,0.013450234,0.012716053,0.011981872,0.01124568,0.010511499,0.010103509,0.009695519,0.009286411,0.008878421,0.008470431,0.008062441,0.007653333,0.007245343,0.006837353,0.006429363,0.006204416,0.005980083,0.00575575,0.005531417,0.005306469,0.005082136,0.004857803,0.00463347,0.004408522,0.004184189,0.004051592,0.003918995,0.003786035,0.003653439,0.003520842,0.003388245,0.003255285,0.003122688,0.002990092,0.002857495,0.002745021,0.002632855,0.002520688,0.002408521,0.002296048,0.002183881,0.002071715,0.001959548,0.001847074,0.001734908,0.00162271,0.001510513,0.001398008,0.001285811,0.001173614,0.001061417,0.000948912,0.000836715,0.000724518,0.00061232
AR6 climate diagnostics|Infilled|Emissions|PFC|C5F12,kt C5F12/yr,0.0435,0.045611463,0.04772871,0.049840173,0.051951635,0.054063098,0.049921429,0.045791076,0.041660723,0.03753037,0.033388701,0.029258349,0.025127996,0.020997643,0.016855974,0.012725621,0.012235163,0.011744705,0.011252904,0.010762446,0.010271988,0.009781531,0.009289729,0.008799271,0.008308813,0.007818356,0.007493355,0.007169243,0.006845131,0.006521019,0.006196019,0.005871907,0.005547794,0.005223682,0.004898682,0.00457457,0.0044,0.00422543,0.004050382,0.003875813,0.003701243,0.003526673,0.003351625,0.003177055,0.003002486,0.002827916,0.002727916,0.002628189,0.002528462,0.002428735,0.002328735,0.002229008,0.002129282,0.002029555,0.001929555,0.001829828,0.001771638,0.001713448,0.001655099,0.001596909,0.001538719,0.001480529,0.00142218,0.00136399,0.0013058,0.00124761,0.00119761,0.001147746,0.001097883,0.00104802,0.00099802,0.000948156,0.000898293,0.000848429,0.000798429,0.000748566,0.000698689,0.000648812,0.000598798,0.000548921,0.000499044,0.000449167,0.000399153,0.000349276,0.000299399,0.000249522
AR6 climate diagnostics|Infilled|Emissions|PFC|C6F14,kt C6F14/yr,0.35,0.3526273,0.355099732,0.357417296,0.359579991,0.361587817,0.362156751,0.362526538,0.362697178,0.362668671,0.362441016,0.361313485,0.35996456,0.358394242,0.356602531,0.354589426,0.3523622,0.349913794,0.347244209,0.344353444,0.3412415,0.338720336,0.33600024,0.33308121,0.329963247,0.32664635,0.324874016,0.322947454,0.320866666,0.318631651,0.316242409,0.316468517,0.316607137,0.316658269,0.316621914,0.31649807,0.319637274,0.322765141,0.32588167,0.328986863,0.332080718,0.336714872,0.341371059,0.346049277,0.350749529,0.355471812,0.359733995,0.364008371,0.36829494,0.372593701,0.376904655,0.381040531,0.385184963,0.389337952,0.393499496,0.397669597,0.402425789,0.407201232,0.411995927,0.416809873,0.421643071,0.427015195,0.432415768,0.437844791,0.443302264,0.448788186,0.454580203,0.460405375,0.466263703,0.472155186,0.478079825,0.484261254,0.490479475,0.496734488,0.503026293,0.50935489,0.515953005,0.522591548,0.529270519,0.535989919,0.542749747,0.549720698,0.556734644,0.563791585,0.570891522,0.578034454
AR6 climate diagnostics|Infilled|Emissions|PFC|C7F16,kt C7F16/yr,0.2338,0.245173768,0.256578697,0.267952464,0.279326232,0.2907,0.26844744,0.24625568,0.22406392,0.20187216,0.1796196,0.15742784,0.13523608,0.11304432,0.09079176,0.0686,0.065951451,0.063302903,0.060647097,0.057998549,0.05535,0.052701451,0.050045646,0.047397097,0.044748549,0.0421,0.040356666,0.038618095,0.036879524,0.035140953,0.033397618,0.031659047,0.029920476,0.028181905,0.026438571,0.0247,0.023740526,0.022781051,0.021818949,0.020859474,0.0199,0.018940526,0.017978423,0.017018949,0.016059474,0.0151,0.014568984,0.01403942,0.013509855,0.01298029,0.012449275,0.01191971,0.011390145,0.01086058,0.010329565,0.0098,0.00949017,0.00918034,0.00886966,0.00855983,0.00825,0.00794017,0.007629491,0.00731966,0.00700983,0.0067,0.006439502,0.006179715,0.005919929,0.005660142,0.005399644,0.005139858,0.004880071,0.004620285,0.004359786,0.0041,0.003830148,0.003560296,0.003289704,0.003019852,0.00275,0.002480148,0.002209556,0.001939704,0.001669852,0.0014
AR6 climate diagnostics|Infilled|Emissions|PFC|C8F18,kt C8F18/yr,0.1014,0.106337295,0.111288116,0.116225411,0.121162705,0.1261,0.116441528,0.106809444,0.097177361,0.087545278,0.077886805,0.068254722,0.058622639,0.048990556,0.039332083,0.0297,0.028560624,0.027421249,0.026278751,0.025139376,0.024,0.022860624,0.021718127,0.020578751,0.019439376,0.0183,0.017538544,0.016779168,0.016019792,0.015260416,0.01449896,0.013739584,0.012980208,0.012220832,0.011459376,0.0107,0.01028023,0.00986046,0.00943954,0.00901977,0.0086,0.00818023,0.00775931,0.00733954,0.00691977,0.0065,0.006279578,0.006059759,0.00583994,0.00562012,0.005399699,0.00517988,0.00496006,0.004740241,0.004519819,0.0043,0.004160077,0.004020153,0.003879847,0.003739923,0.0036,0.003460077,0.00331977,0.003179847,0.003039923,0.0029,0.002789789,0.00267988,0.00256997,0.00246006,0.002349849,0.00223994,0.00213003,0.00202012,0.00190991,0.0018,0.001680066,0.001560131,0.001439869,0.001319934,0.0012,0.001080066,0.000959803,0.000839869,0.000719934,0.0006
AR6 climate diagnostics|Infilled|Emissions|PFC|CF4,kt CF4/yr,10.8699,10.85738439,10.84389195,10.82942268,10.81397659,10.79755367,10.44674135,10.09098307,9.730278834,9.364628636,8.994032477,8.638155655,8.277560213,7.912246152,7.542213472,7.167462173,6.676651318,6.179870841,5.677120742,5.16840102,4.653711677,4.577616239,4.500409726,4.422092137,4.342663473,4.262123733,4.135394004,4.007073644,3.877162652,3.745661028,3.612568773,3.467246635,3.320223616,3.171499715,3.021074932,2.868949269,2.789496012,2.709093108,2.627740558,2.545438363,2.46218652,2.417297917,2.371846982,2.325833715,2.279258115,2.232120183,2.21195901,2.191500301,2.170744055,2.149690272,2.128338953,2.111767288,2.09494576,2.077874367,2.06055311,2.042981988,2.00122763,1.959003839,1.916310613,1.873147954,1.829515861,1.779531389,1.729024723,1.677995862,1.626444806,1.574371555,1.538542603,1.502338529,1.465759334,1.428805016,1.391475576,1.375860863,1.360060639,1.344074903,1.327903655,1.311546895,1.3089052,1.306194803,1.303415705,1.300567905,1.297651403,1.312270634,1.326966053,1.341737662,1.356585461,1.371509448
AR6 climate diagnostics|Infilled|Emissions|PFC|cC4F8,kt cC4F8/yr,1.2672,1.304749245,1.342401365,1.37995061,1.417499855,1.4550491,1.357356916,1.259931651,1.162506385,1.06508112,0.967388936,0.86996367,0.772538405,0.675113139,0.577420955,0.47999569,0.468946781,0.457897872,0.446818693,0.435769784,0.424720875,0.413671966,0.402592786,0.391543878,0.380494969,0.36944606,0.359309535,0.349200706,0.339091876,0.328983047,0.318846522,0.308737693,0.298628864,0.288520034,0.278383509,0.26827468,0.263076864,0.257879048,0.252666992,0.247469176,0.24227136,0.237073544,0.231861488,0.226663672,0.221465856,0.21626804,0.213506122,0.21075175,0.207997377,0.205243005,0.202481087,0.199726715,0.196972343,0.19421797,0.191456052,0.18870168,0.186457815,0.184213949,0.181963936,0.17972007,0.177476205,0.17523234,0.172982326,0.170738461,0.168494595,0.16625073,0.163317971,0.160393225,0.157468479,0.154543733,0.151610973,0.148686227,0.145761481,0.142836735,0.139903976,0.13697923,0.134053684,0.131128138,0.128194577,0.125269031,0.122343485,0.119417939,0.116484378,0.113558832,0.110633286,0.10770774
AR6 climate diagnostics|Infilled|Emissions|SF6,kt SF6/yr,8.02,8.104704909,8.189409818,8.274114727,8.358819636,8.443524545,7.958543464,7.473562383,6.988581302,6.503600221,6.018619139,5.533638058,5.048656977,4.563675896,4.078694815,3.593713734,3.695502921,3.797292108,3.899081295,4.000870482,4.102659669,4.204448856,4.306238043,4.408027229,4.509816416,4.611605603,4.601747496,4.591889389,4.582031281,4.572173174,4.562315067,4.552456959,4.542598852,4.532740745,4.522882637,4.51302453,4.476641254,4.440257978,4.403874702,4.367491426,4.331108151,4.294724875,4.258341599,4.221958323,4.185575047,4.149191771,4.059553142,3.969914512,3.880275883,3.790637254,3.700998624,3.611359995,3.521721365,3.432082736,3.342444107,3.252805477,3.171106708,3.089407939,3.007709169,2.9260104,2.844311631,2.762612861,2.680914092,2.599215322,2.517516553,2.435817784,2.385284735,2.334751687,2.284218638,2.233685589,2.183152541,2.132619492,2.082086444,2.031553395,1.981020346,1.930487298,1.892413354,1.854339409,1.816265465,1.778191521,1.740117577,1.702043633,1.663969689,1.625895745,1.587821801,1.549747856
AR6 climate diagnostics|Infilled|Emissions|SO2F2,kt SO2F2/yr,2.5317,2.606676677,2.681858769,2.756835446,2.831812123,2.9067888,2.711652564,2.517049486,2.322446409,2.127843332,1.932707095,1.738104018,1.543500941,1.348897864,1.153761627,0.95915855,0.937066139,0.914973729,0.892820791,0.870728381,0.84863597,0.826543559,0.804390622,0.782298211,0.760205801,0.73811339,0.717854544,0.697651049,0.677447555,0.65724406,0.636985214,0.61678172,0.596578225,0.576374731,0.556115884,0.53591239,0.525508928,0.515105465,0.5046735,0.494270037,0.483866575,0.473463113,0.463031147,0.452627685,0.442224222,0.43182076,0.426346476,0.420887149,0.415427822,0.409968495,0.404494211,0.399034885,0.393575558,0.388116231,0.382641947,0.37718262,0.372668474,0.368154327,0.363627813,0.359113666,0.35459952,0.350085374,0.345558859,0.341044713,0.336530566,0.33201642,0.326172522,0.320344591,0.31451666,0.308688729,0.302844832,0.297016901,0.29118897,0.285361039,0.279517141,0.27368921,0.267859683,0.262030157,0.256184658,0.250355132,0.244525605,0.238696078,0.23285058,0.227021053,0.221191527,0.215362
AR6 climate diagnostics|Infilled|Emissions|Sulfur,Mt SO2/yr,100.771167,99.65724088,98.53581383,97.40688583,96.27045689,95.12652701,88.83732363,82.51320719,76.15417768,69.76023511,63.33137947,59.59896505,55.84601863,52.07254022,48.27852982,44.46398743,43.21098347,41.95086597,40.68363492,39.40929031,38.12783215,36.41701418,34.69691648,32.96753905,31.2288819,29.48094502,28.38170043,27.27650884,26.16537027,25.0482847,23.92525214,23.12899041,22.32844588,21.52361855,20.71450843,19.90111551,19.49898342,19.09462133,18.68802926,18.27920719,17.86815514,17.45487309,17.03936106,16.62161904,16.20164703,15.77944503,15.67612281,15.57211867,15.4674326,15.3620646,15.25601468,15.14928282,15.04186904,14.93377333,14.82499569,14.71553613,14.87317885,15.03140024,15.19020029,15.34957901,15.5095364,15.67007245,15.83118717,15.99288056,16.15515261,16.31800333,15.95004948,15.58209563,15.21414178,14.84618793,14.47823408,14.11028023,13.74232638,13.37437253,13.00641869,12.63846484,12.36690494,12.09534505,11.82378516,11.55222527,11.28066538,11.00910549,10.7375456,10.4659857,10.19442581,9.92286592
AR6 climate diagnostics|Infilled|Emissions|VOC,Mt VOC/yr,227.2448193,224.7327871,222.2288444,219.7329822,217.2451917,214.7654641,212.1364055,208.8533936,206.8861092,204.00834,201.6441786,200.6428946,198.2509939,196.0976119,194.3098193,190.4178739,190.0595851,185.9854191,182.9685751,177.6066169,175.3001759,173.5675374,170.1822878,166.634681,163.2435686,159.5922314,156.4626866,153.3698584,150.3190609,147.2566518,144.0033676,140.9330205,138.2191456,135.3520439,132.311024,129.6020061,128.3095689,127.1407467,125.980286,124.3956972,123.2026497,122.159362,121.1652627,120.3108219,119.4526661,118.4430501,117.8022242,117.0723987,116.3475874,115.6320374,114.9048908,113.9283267,113.0783349,112.1079194,111.35754,110.7413346,110.1287821,109.6071391,108.9861628,108.4281625,107.716903,107.0320107,106.3325215,105.6438486,104.9765077,104.193831,103.3725271,102.4888496,101.7485672,100.9168392,100.0985544,99.21448109,98.33702565,97.52208689,96.68918296,95.67521815,94.43157351,93.52332964,92.46178842,91.45856934,90.54961026,89.6003982,88.74090298,87.86887795,87.07224453,86.23290862
