"Model","Scenario","Region","Variable","Unit","2000","2001","2002","2003","2004","2005","2006","2007","2008","2009","2010","2011","2012","2013","2014","2015","2016","2017","2018","2019","2020","2021","2022","2023","2024","2025","2026","2027","2028","2029","2030","2031","2032","2033","2034","2035","2036","2037","2038","2039","2040","2041","2042","2043","2044","2045","2046","2047","2048","2049","2050","2051","2052","2053","2054","2055","2056","2057","2058","2059","2060","2061","2062","2063","2064","2065","2066","2067","2068","2069","2070","2071","2072","2073","2074","2075","2076","2077","2078","2079","2080","2081","2082","2083","2084","2085","2086","2087","2088","2089","2090","2091","2092","2093","2094","2095","2096","2097","2098","2099","2100"
"IMAGE 3.0.1","SSP1-19","World","AR6 climate diagnostics|Effective Radiative Forcing|MAGICCv7.5.3|5.0th Percentile","W/m^2",1.708073353869626,1.726885868144321,1.686941426263058,1.684214307662741,1.654190835969117,1.622816066444313,1.663028102334119,1.675124825793782,1.810257615160486,1.842305932508554,1.809320146174782,1.97921694261352,1.997080013656141,2.070844002914833,2.049412089309586,2.081262062759383,2.12547523276874,2.181088687562608,2.237169924728293,2.293995370884155,2.341699113466214,2.408900985519908,2.491516360231386,2.555822696965718,2.599740120182501,2.627564794921418,2.642665170107682,2.674265191929903,2.713419688427331,2.737651108341718,2.742828451017644,2.724417766683542,2.728576803512468,2.74545411684619,2.765753366016356,2.7660206370689,2.776457892058092,2.759366208048691,2.757464496515443,2.733764142927752,2.713184230864803,2.683179139851439,2.670272526002712,2.663704412276683,2.664261656352154,2.687629850894384,2.698948431510352,2.705260367512785,2.69230205443105,2.661939262020374,2.618596960748549,2.58593037174136,2.557518366671245,2.531635947946535,2.516280488344382,2.513374130791674,2.518559924040424,2.500672348954358,2.486064351353387,2.470766639343126,2.438315351688901,2.410330194604579,2.38957928190106,2.370577585790053,2.353828608636963,2.344130177270809,2.345926896134193,2.345932656558269,2.340371606484351,2.322284758765485,2.301538384903766,2.278298710140808,2.258972923416503,2.238314047643588,2.215863881394562,2.198750095299179,2.179856972088909,2.171239415670367,2.169340685818451,2.168112495915797,2.161098221738086,2.146694540660809,2.129541401751065,2.105804735391481,2.085354626953103,2.051725564634797,2.027836029642862,2.008837149152911,1.996396238055541,1.99290906778598,1.999103173513102,1.995884032303622,1.994319026796984,1.972930326166417,1.940530711548374,1.910401324600616,1.876007154128647,1.850062941608882,1.828919607018614,1.816233477493404,1.810046897837596
"IMAGE 3.0.1","SSP1-19","World","AR6 climate diagnostics|Effective Radiative Forcing|MAGICCv7.5.3|95.0th Percentile","W/m^2",2.548021844936896,2.566072314718057,2.592058863586531,2.625389179923558,2.623049045411018,2.61708735499299,2.652913309142046,2.69806600022461,2.787199015756734,2.83284227066167,2.865929674538835,2.974224895825129,3.026014028401468,3.110061918533062,3.109038828217522,3.141133518420707,3.17181588161639,3.192705537485363,3.210024263852763,3.237214373177645,3.2580150414975,3.306887327319608,3.350394344586037,3.382850087993214,3.406209239497018,3.412295923136824,3.4171887363907,3.417489319876927,3.437947438510681,3.438858308362482,3.441334177016499,3.422071370563647,3.420581744904095,3.43094394031437,3.459694836584039,3.452235634933789,3.457396774877026,3.433955532914857,3.428795077515186,3.406693741814734,3.367811027291927,3.34794828075738,3.324335681588014,3.314578293245074,3.308860800037124,3.328972261188188,3.336027448886361,3.342509360330365,3.332657850194997,3.304827942121873,3.266981661068057,3.233087305405316,3.203521622772671,3.178191523743593,3.164473213986538,3.165145762245769,3.174648484716902,3.159850231029217,3.146174842133774,3.136131713524524,3.103549489934632,3.06969891175086,3.042580537970336,3.020101641167798,3.004277465930912,2.9946586290632,3.000313089980801,3.00900376544219,3.009746793789024,2.992018217133557,2.966426035636301,2.935395323454406,2.916972374710138,2.899466316285355,2.877895129416182,2.862919134597758,2.849294903761114,2.842058646127936,2.841867485200696,2.837129804128978,2.827293146086808,2.815058442590094,2.801434755461698,2.78048104235452,2.763728399158924,2.738401415383726,2.711576214542085,2.695208102597529,2.685406844319123,2.682182615516769,2.686338478539477,2.684627401485307,2.691411912778504,2.664212401227577,2.632081919156145,2.598491619409072,2.563242769502806,2.538699821913812,2.517495379848069,2.508198108031858,2.509208379721159
"IMAGE 3.0.1","SSP1-19","World","AR6 climate diagnostics|Effective Radiative Forcing|MAGICCv7.5.3|50.0th Percentile","W/m^2",2.062626323232236,2.081195734955324,2.057502505917405,2.07649976266374,2.070092193326171,2.04683714105445,2.099257148923206,2.122123904052469,2.242007129318428,2.280531562964184,2.282658981347761,2.422511772782463,2.462737033142784,2.545159497088055,2.535742660177919,2.562335978634932,2.595110827308502,2.629746733859287,2.668540940338516,2.705820484381689,2.748721895977688,2.809579027305888,2.873344772068221,2.92159005881632,2.964321249537716,2.984115186832809,3.002279808721663,3.018397328203347,3.046506415741606,3.065420271050763,3.0701118982626,3.047167478029428,3.048114170625082,3.064287854454388,3.092124488099016,3.090548241940384,3.101452510985995,3.081305804266473,3.071448163334797,3.044089822180325,3.019487955465046,2.993978569191288,2.978397326109995,2.967685025937175,2.965145690427422,2.982523374965965,2.99011209573365,2.996815783225885,2.987574241173977,2.961877430888922,2.92015764143054,2.885440084176139,2.857909071216138,2.832939429454065,2.817368208746615,2.814885285607027,2.821625812985612,2.806842964135402,2.793348219090608,2.781431464434668,2.746675571178046,2.718842108855561,2.695247252874307,2.674884899235906,2.658114892082153,2.648942525533927,2.653503857782285,2.658769034072141,2.656166508954585,2.636422058682261,2.607190905297887,2.577320220939992,2.551658270236179,2.53285560527551,2.507139426615776,2.487677244017005,2.470664729238862,2.461041460707026,2.460806169126103,2.460329010495278,2.456118687776207,2.443179413967338,2.427267837927641,2.399507639526439,2.378621907169082,2.345122928287803,2.319410814794133,2.302931090767204,2.290580258557282,2.286357011319359,2.29302842880725,2.292245690592909,2.299202808402333,2.271218616419045,2.235044593045952,2.20228890679767,2.16872222480153,2.14651625728635,2.123554629090609,2.112398741977956,2.107503353670724
"IMAGE 3.0.1","SSP1-19","World","AR6 climate diagnostics|Surface Temperature (GSAT)|MAGICCv7.5.3|5.0th Percentile","K",0.6367321731985257,0.6621787151797767,0.680414544395297,0.6971285622748761,0.710188157651492,0.7217366084428184,0.7341354023871723,0.7489485531657214,0.7697510972875395,0.7890955702174467,0.8061836469722078,0.8308380913843681,0.8518152851513292,0.8760780493970464,0.8976490708554766,0.9139612534923298,0.9300757070069609,0.944073485047841,0.9605514280332804,0.9794320196093734,0.9949417527541524,1.011867294096276,1.029378028500608,1.04180302609858,1.062219550127438,1.07703850735282,1.090105497842687,1.097483043590914,1.107428543589195,1.114100237647475,1.118501313097818,1.118539499913246,1.122617942928444,1.12839459452949,1.134083145152482,1.134193791944716,1.138728193334501,1.141571512005586,1.143947558808733,1.142263266150663,1.13541875515289,1.126121175466535,1.122090702743027,1.120131084230836,1.118784883564732,1.11956675330132,1.120934208181376,1.123467746756985,1.124435953656726,1.12285518891972,1.116037572091789,1.108304243783193,1.09924282746429,1.088848731554746,1.08333532900094,1.080019032105047,1.078217673130019,1.074229803191799,1.070796696244861,1.067254483238323,1.060010929901189,1.05171558274042,1.043252855088346,1.03593284821699,1.029404802244179,1.025640557139071,1.024174767787687,1.02370174642714,1.022899222253022,1.020409375897808,1.015233742370823,1.006863557015625,0.9984729250890017,0.9903979827672472,0.9821237088426876,0.9742081131005448,0.9670887033894456,0.9603688759647055,0.95511049609155,0.9537380575573496,0.9525332259574892,0.9496117512577386,0.9452080834097776,0.9383375980073018,0.9309478631004412,0.9217388887847404,0.9126936121756668,0.9066510650372378,0.90110687139975,0.8967779915141191,0.8939355127970264,0.8928810456479233,0.8923606775698472,0.8895171226136943,0.8817380264335928,0.8719979392474609,0.8628109680174715,0.8528733572265681,0.8434911164873268,0.8360164732403087,0.8323723741396648
"IMAGE 3.0.1","SSP1-19","World","AR6 climate diagnostics|Surface Temperature (GSAT)|MAGICCv7.5.3|50.0th Percentile","K",0.7721363366232377,0.8056611975844025,0.8271420057794328,0.8442944059134287,0.8572367571666304,0.8681523466910689,0.8819046690827494,0.8989091614109932,0.9278051963806668,0.9539763535645752,0.9755629259259608,1.006372935416786,1.033262324921171,1.065928466173721,1.093616770376162,1.115666119020118,1.136043123161897,1.157545257231608,1.179557573077157,1.20420757511689,1.228753807126761,1.257308784768178,1.287591574121149,1.313740188399325,1.341936059258098,1.363133929104367,1.381089477624398,1.397177348763229,1.417563626168164,1.437751271107886,1.4536509704217,1.464751690815622,1.472677537988899,1.481851322254721,1.492300643244736,1.50130840211538,1.509711644730076,1.516358097317804,1.521316575731899,1.523726531955274,1.521242660233214,1.517933291514438,1.517533038158172,1.517518335886239,1.518080509500475,1.524101453012688,1.527773940296717,1.532340735386726,1.532440570294908,1.531947241956593,1.523916388860373,1.519294891757471,1.512140583449167,1.504802287786667,1.498557433662587,1.493055669766461,1.492704120777617,1.491684292018611,1.489923081912284,1.486603868516491,1.482131600105375,1.475515222345216,1.46747407547834,1.459387306395149,1.450944864333104,1.445350627278742,1.442332637140875,1.441754913793333,1.441301450889473,1.438516665682029,1.4325239611309,1.424471949325778,1.415670229503067,1.406206391763646,1.397014821135435,1.389368336723346,1.383463761325741,1.3782942763227,1.372579233675946,1.369227186689211,1.366703210755658,1.362387954042019,1.359035656436839,1.354321996641558,1.347984208403295,1.33935936519933,1.330618492485865,1.321826187071306,1.313858375033301,1.307693177860797,1.304867118065253,1.302440206682696,1.301472681317133,1.298418538644191,1.292030176064686,1.284056732270542,1.273326630719824,1.26213518400641,1.250906026841093,1.24176128532671,1.235314012456408
"IMAGE 3.0.1","SSP1-19","World","AR6 climate diagnostics|Surface Temperature (GSAT)|MAGICCv7.5.3|95.0th Percentile","K",0.8793779330484511,0.9211405923104122,0.951794749263391,0.9734445226698756,0.9884594636250488,1.002205883195723,1.017617460002421,1.033774387972132,1.06332806089965,1.093089416934262,1.118528515855578,1.161776895054693,1.195407747514875,1.235584328927566,1.268225366332373,1.296305066651557,1.326279575229491,1.358107032797305,1.390656724519063,1.42289179466985,1.459368170582717,1.49443297979125,1.535326201335342,1.578864833391382,1.624338055934586,1.666118894739917,1.702029689323268,1.735542094571606,1.770204593642382,1.801755678021726,1.835963963958479,1.859856604379388,1.8802761800916,1.899617793894498,1.923123356603602,1.945940922303869,1.966476056650685,1.986098843968212,2.00612349094985,2.020668092798596,2.023759198170998,2.024493163522762,2.032208685425082,2.041723956085134,2.051523645529027,2.062586348880843,2.076453686917195,2.091451468775158,2.10389936012894,2.11132128580863,2.113059621444006,2.110872763462024,2.106813172684354,2.102131170363657,2.099308120544555,2.098780730890295,2.104600915998732,2.106612119230295,2.104314125178977,2.102703551873867,2.102706174930528,2.102352722174601,2.098032233337226,2.088226002400017,2.07877907682813,2.072321462261308,2.071220611504791,2.072707272033577,2.076662162570272,2.078158916274152,2.075596126760805,2.069338142417368,2.061949133452807,2.055241167460642,2.051613051191233,2.047924139803558,2.041615136032912,2.034811543861633,2.032642047465222,2.031347644940185,2.030059713538969,2.027625321226147,2.025651181083906,2.02083969207359,2.011967407437665,2.000819775128947,1.988238617793957,1.976697450692584,1.968671704997088,1.964326422640014,1.962707989450773,1.962012754417666,1.961908448618699,1.958974142831438,1.953159715785172,1.94475946860937,1.934003306513702,1.924287951313544,1.915590249190906,1.908892741031025,1.904872198363225
"IMAGE 3.0.1","SSP1-19","World","AR6 climate diagnostics|Effective Radiative Forcing|FaIRv1.6.2|95.0th Percentile","W/m^2",2.657661883865041,2.678335392388077,2.678091066794761,2.612977723670228,2.659260220940046,2.63304433918943,2.639272813019237,2.690013260938555,2.763263742081448,2.79476449328222,2.903580204459046,2.948446519218688,3.023581075296491,3.116753196679526,3.140456326109081,3.203427469548361,3.220069048845591,3.269622640140196,3.292169488641512,3.302496448637692,3.323661230022851,3.379413372675058,3.426353564891083,3.457740443744909,3.475461726451063,3.460629106356784,3.439317519158529,3.414606417745027,3.406352309242885,3.403726240802575,3.405014653630696,3.392228331172488,3.388396365219966,3.402427589105121,3.431583710632362,3.425291373887394,3.431670797849077,3.402415989671828,3.389018716223789,3.354698045196723,3.316821487128308,3.282189795582853,3.262450957287733,3.25066692723363,3.250260201654376,3.271085037863453,3.287802516946353,3.303192874982303,3.293811543965171,3.258750505173172,3.213478954177514,3.176628946977316,3.145970155786727,3.119475689838898,3.108457047935913,3.113566358541434,3.124656210223334,3.109952270405313,3.097741634144766,3.087435835350433,3.053429533930891,3.02363777918031,2.997755622929787,2.978584221179735,2.963770018762107,2.956668989019533,2.969445803746906,2.980138315087374,2.981799887180669,2.960977027930043,2.933844440554843,2.899013504508085,2.874756913130653,2.853790517331407,2.828678617247166,2.812070324228792,2.793902644919981,2.786750709422186,2.789491576664864,2.793117903758846,2.794119879061284,2.781858461611098,2.767538794300727,2.738949464079521,2.720340923801015,2.683973920525258,2.660245048236449,2.643885933815457,2.630359805791348,2.631825301838532,2.64378850138305,2.649115731108782,2.657357960916773,2.630633166245333,2.591377243559065,2.554420717939599,2.51612751942988,2.493253836361049,2.469391459903596,2.461880997968835,2.463924541830277
"IMAGE 3.0.1","SSP1-19","World","AR6 climate diagnostics|Surface Temperature (GSAT)|FaIRv1.6.2|50.0th Percentile","K",0.7623774623571519,0.8119315171042766,0.8488441945315958,0.8727811545712288,0.8898032111760387,0.9036754266924548,0.911694880807334,0.9224931506296932,0.9385866846587202,0.9583938334586476,0.9801581948795168,1.004033858337768,1.028536628676223,1.056941911094347,1.084233719256086,1.111952464427747,1.140245265074846,1.170022672016246,1.196022863636711,1.219741194287556,1.241087090382527,1.26554239670102,1.289074649738883,1.312752441439238,1.334776933295566,1.354680240343827,1.369289245117821,1.37843283843084,1.385640237749822,1.39230705197171,1.398125127501161,1.403514676242231,1.406654454761486,1.409449061225947,1.414496090361167,1.421427074846996,1.42691797413847,1.430535205444908,1.432371673185822,1.431407000602836,1.428239504386377,1.422098412242922,1.415276414022185,1.408961134749887,1.404112027482974,1.402768138088717,1.403899595938034,1.405545869082364,1.408315254713992,1.407913114915881,1.404982776479447,1.399937019388442,1.392626272101962,1.385524370629808,1.377806466635959,1.371129112602037,1.367733601222088,1.366417879450104,1.36506280565825,1.362437991303302,1.359493962754871,1.353137524389939,1.34643313154914,1.340011134364518,1.333564404572694,1.32729571449455,1.324086781490244,1.323438423089199,1.324802155369592,1.326185617568007,1.32472607775194,1.320120873214571,1.314144956819553,1.308956474462206,1.302108265473477,1.295275017230781,1.288208752959052,1.282556574468848,1.27859457633743,1.277048234529303,1.275701628697363,1.274071527486168,1.27181940409841,1.269016086170992,1.264828987576653,1.257990848558864,1.250234299346349,1.242523654606382,1.23526860488548,1.229108318318306,1.224986057862451,1.224541993279274,1.22604408825267,1.22665703889539,1.223296931693101,1.21676303954763,1.20836048575116,1.199681113521513,1.190487816522178,1.18187974141274,1.17623733036054
"IMAGE 3.0.1","SSP1-19","World","AR6 climate diagnostics|Surface Temperature (GSAT)|FaIRv1.6.2|5.0th Percentile","K",0.6276610612654674,0.6712284905378203,0.7016113967807333,0.7179630520463118,0.7311475919892989,0.7398516205314373,0.7456653965892174,0.7519962585340078,0.7656917819541806,0.7812025140631924,0.7989199833243726,0.8185200040597655,0.8378837724721709,0.8595704973746938,0.8832614052449892,0.9046822608144178,0.925806005153212,0.9496359554833236,0.9708003761197462,0.9911009157416932,1.006323684526649,1.021050698631775,1.038574004933552,1.05592594015924,1.069182545577668,1.082788876104348,1.089491412362694,1.09310539282472,1.088839404518019,1.088561038348636,1.0853572658917,1.089271945537002,1.088606453850209,1.088390378002873,1.087945205045993,1.091018719593231,1.093363716990826,1.095215075130066,1.095166242446323,1.093789909887683,1.089440784454688,1.083000308946419,1.074761810610343,1.069523477029386,1.06457790281942,1.063566820202922,1.064934955265315,1.064372238789404,1.06597316610705,1.065669932200975,1.059971769781037,1.053424261962382,1.044996506428312,1.037098567217146,1.030717721548313,1.025173706950472,1.022230942649281,1.019906979961994,1.017966274782991,1.015842173725122,1.01221729648756,1.006202275232739,0.9988185948379008,0.9927259675347948,0.9866578659947046,0.9810957749030916,0.9797752059089846,0.9795178573819578,0.9797392765426878,0.9792658883674245,0.976537661700196,0.9717545592454152,0.9655110121335668,0.959545436534086,0.9531438268480442,0.9467461758289174,0.9412729240896102,0.9365314069380428,0.9335845662793149,0.9311134790955352,0.93031829492525,0.9294997910112704,0.928021458916768,0.9248344995529906,0.9213430908174738,0.916489979135905,0.9096367157528548,0.9031187961753548,0.8969054422422981,0.892018676663319,0.8905939991411471,0.8917745211897421,0.8924499151922134,0.8920003083086383,0.8894999883112,0.8834978228892091,0.8746179055729921,0.8650427820151599,0.8575233462406274,0.8525325817970507,0.8474776961169551
"IMAGE 3.0.1","SSP1-19","World","AR6 climate diagnostics|Effective Radiative Forcing|FaIRv1.6.2|5.0th Percentile","W/m^2",1.763191999517468,1.774933788259369,1.690374006869275,1.608526133757019,1.663439171635192,1.613927448455839,1.586011128218568,1.644585580890775,1.752666660818008,1.791944799594201,1.829121938388484,1.914462659244813,1.92775888114022,2.07001001850638,2.03879896179999,2.142489538915803,2.207779291510453,2.305971756665672,2.360368607001063,2.406510359753616,2.454334286673304,2.52098343396184,2.593203249093636,2.64339788876791,2.676341175765941,2.672610220828419,2.66790048030002,2.655963998145065,2.657945073335099,2.665438587662699,2.67537408950635,2.660724537536049,2.656465860183861,2.671397421897581,2.701896026569985,2.696197630402358,2.704251349563114,2.680581525976706,2.668546262998043,2.6290094625959,2.595378005851084,2.562797711443088,2.547613858847429,2.53709165065425,2.538684215435651,2.568387507271722,2.580122551938118,2.595497567529313,2.590436391992383,2.558440949283356,2.506152278515729,2.469241796102522,2.438834208131261,2.415710951224124,2.407609831738601,2.417017927454686,2.430666279108986,2.419657094345436,2.413910940182284,2.404553188194858,2.366523626976959,2.334941546261912,2.306857139578426,2.29163858530311,2.27972762280923,2.275803733892386,2.293878949922223,2.310351033420718,2.31129380895048,2.295555263145048,2.271313295136469,2.235922924251222,2.21484968239453,2.194938958530409,2.17107783143524,2.156391389976721,2.14089176216064,2.136835707227162,2.143868897170625,2.151320916771983,2.152065896529376,2.14299641126777,2.129537605958604,2.102629425755894,2.084765580605854,2.047832264140464,2.022652312473719,2.009272415103529,1.997961949163862,2.005415403253424,2.017393941685048,2.024366878788333,2.037972544131084,2.01368542428107,1.976124230703229,1.946985568133518,1.911333785354105,1.889236317960651,1.868626293270196,1.862899143894643,1.867794635516683
"IMAGE 3.0.1","SSP1-19","World","AR6 climate diagnostics|Surface Temperature (GSAT)|FaIRv1.6.2|95.0th Percentile","K",0.8925689058257206,0.9413344809517687,0.9794653133940004,1.006412869800846,1.027853977503095,1.043317645189175,1.056145452477463,1.069444621965473,1.089231897898024,1.112365004060283,1.137019201415095,1.165991449708841,1.196988909893055,1.230769478247897,1.264654642289953,1.299157890583821,1.334571313842714,1.370547799248634,1.406701929451575,1.442403592713965,1.479345471519266,1.514569802280706,1.552746929096305,1.589033778767704,1.630593887525741,1.66906463390091,1.701196801476398,1.730297714253043,1.75401385859124,1.775734992025904,1.797885253090669,1.818437761667804,1.832758552229624,1.846395181115213,1.859704335087382,1.87417898660888,1.885381143117884,1.89523724980963,1.90280687708773,1.911300465574941,1.913495134634868,1.916002368593678,1.914366487850561,1.910329257652486,1.910623324315238,1.913128521105158,1.917288493695836,1.922431888277577,1.9284272482,1.931321613618432,1.93224217945742,1.928093289409498,1.926037127717838,1.922839368218566,1.917019972108683,1.915822551413549,1.915233578139516,1.913608060552837,1.912724503936011,1.913131550137255,1.909586439816885,1.903504321173284,1.896060587326284,1.89058844732816,1.885381869229118,1.879615471975845,1.873865865138569,1.870384942989047,1.870630624133344,1.870247900657764,1.868981891958511,1.86571548289354,1.859699018777567,1.852835430733757,1.845291724727489,1.836907479111004,1.82863710308828,1.823457497763397,1.817117780453804,1.813457530987652,1.812195338961645,1.811787816339688,1.812423396002395,1.810040294743587,1.806099836457924,1.79935685599714,1.791542664006556,1.784446017692071,1.7786527072023,1.774219700934953,1.773190440412169,1.773401815591988,1.775460835071532,1.774656658684415,1.771772213435661,1.76709865649946,1.760808475543267,1.75496170664185,1.747797745755273,1.739818123413814,1.735325004510004
"IMAGE 3.0.1","SSP1-19","World","AR6 climate diagnostics|Effective Radiative Forcing|FaIRv1.6.2|50.0th Percentile","W/m^2",2.170360527617796,2.186173290568855,2.157821107126603,2.083202309839795,2.123569592204309,2.086276300460471,2.081729702471904,2.135420602712622,2.225270111161214,2.259993705540765,2.346395011997902,2.396762174360166,2.458739222459384,2.56947130952132,2.574770058788384,2.663454743293458,2.70292567385073,2.770406425180814,2.805730485953246,2.836884407194882,2.873383867485685,2.935290227099632,3.000557450844882,3.038794329006143,3.062827498601326,3.054517757977098,3.042585474859929,3.02559441876079,3.024537121958472,3.031710983509533,3.037570629530652,3.022402591484596,3.016412869619224,3.032974989771125,3.062760410793777,3.058937271963415,3.068267947654547,3.041428108315224,3.029266711326331,2.995019362988018,2.956723647343248,2.924724763272709,2.905619800209536,2.894333624838652,2.894401866290127,2.91855287403242,2.931332103994543,2.946582099921225,2.937031606110234,2.902884065367538,2.856727701227392,2.824101863758961,2.790913178303525,2.764376078889601,2.753831649441028,2.761894189195685,2.773129275932559,2.761206433401876,2.751531076174929,2.742333980741684,2.709239910362826,2.676829551985236,2.648919647807992,2.631396875165464,2.617644392418597,2.612942652326437,2.630223872888209,2.644164787502912,2.646714917777181,2.628412951671149,2.60067875176443,2.564678583888056,2.543433020127543,2.523936698926517,2.498297736963828,2.481102907798858,2.463616498299031,2.45770323480011,2.464293985844713,2.471464930119205,2.472123619181023,2.460788583807227,2.446542708841634,2.417773396732829,2.397045028677204,2.363422751432411,2.336124884686626,2.321844392502777,2.310257848391486,2.313926007301999,2.328375779697281,2.333526886271936,2.34623744899315,2.31864601439889,2.280213361795317,2.247651717102337,2.210882406365956,2.187715339657871,2.165656370347751,2.158678554969093,2.162223520797701
"REMIND-MAgPIE 1.5","SSP5-34","World","AR6 climate diagnostics|Effective Radiative Forcing|MAGICCv7.5.3|5.0th Percentile","W/m^2",1.708073353869626,1.726885868144321,1.686941426263058,1.684214307662741,1.654190835969117,1.622816066444313,1.663028102334119,1.675124825793782,1.810257615160486,1.842305932508554,1.809320146174782,1.97921694261352,1.997080013656141,2.070844002914833,2.049412089309586,2.075218628717602,2.099072744580325,2.144114978432041,2.192201618922177,2.254377229267221,2.312538708596,2.393095038251499,2.474749268177373,2.533313587513439,2.589850894241445,2.628734533614657,2.673955027428711,2.709359737173601,2.755434332891677,2.795395184381422,2.842471421908329,2.891409192726244,2.936560806323948,3.005345348778762,3.080271944476673,3.131179955832095,3.190873166413189,3.226183199235193,3.272499331111941,3.299730051110436,3.316981410387034,3.336738803127046,3.370897235268598,3.406886710566832,3.444530972397376,3.502168522131506,3.54280351734205,3.596216399218393,3.618092266314539,3.634150114601805,3.633337811349864,3.631691451401987,3.63417371766095,3.638875546638134,3.655741770488065,3.684950517784147,3.719214978010352,3.726003564271294,3.738068525073413,3.746777908144381,3.737520781457913,3.727837581031398,3.715875590539127,3.715323512698008,3.720893694443935,3.727016397702348,3.756361735451573,3.775150302866112,3.783117652134565,3.779971819622523,3.766678452433253,3.747072430149041,3.734776414774921,3.722879762214063,3.709341436647464,3.696354618482767,3.679861580187938,3.670966420699085,3.667693368153833,3.671119659783322,3.667076781666239,3.651286435677681,3.631469012308373,3.602844662375824,3.577048014302073,3.5368212741101,3.502786266226224,3.478918025960166,3.458497084869108,3.450014400280089,3.446623226862902,3.431597539585519,3.420322367301325,3.387376383432354,3.346337987287881,3.308417529501599,3.266028299967788,3.233744480860523,3.201584779929178,3.180347692906804,3.166019888700332
"REMIND-MAgPIE 1.5","SSP5-34","World","AR6 climate diagnostics|Effective Radiative Forcing|MAGICCv7.5.3|95.0th Percentile","W/m^2",2.548021844936896,2.566072314718057,2.592058863586531,2.625389179923558,2.623049045411018,2.61708735499299,2.652913309142046,2.69806600022461,2.787199015756734,2.83284227066167,2.865929674538835,2.974224895825129,3.026014028401468,3.110061918533062,3.109038828217522,3.139328696824142,3.159078536709877,3.204824483415387,3.245726896460076,3.288470671335906,3.340208751173007,3.40715572910542,3.469372349707718,3.52298427613614,3.579410924511162,3.621132457753555,3.658178472587504,3.687099349288012,3.72917187494021,3.766141721733756,3.808564168828074,3.851594194729945,3.896902406093758,3.962102914053392,4.033979609154659,4.071653410402067,4.129681669527572,4.155208380904771,4.197501499577288,4.219168883004562,4.238552999600855,4.253376885841117,4.27562014243589,4.293060411798479,4.321734992132286,4.380762583517424,4.432636710113296,4.478068156010116,4.522732242897522,4.519268127852394,4.512103382617723,4.52487541866355,4.531713663214124,4.540374175480934,4.556321976297754,4.582522415459863,4.617614323434645,4.630517930356402,4.648256894140969,4.661457839451716,4.66552015990045,4.662177581148964,4.659100566315903,4.662052112443398,4.664813562514041,4.674393977868969,4.700533617916926,4.722234730101109,4.731489326028115,4.731018885190342,4.717639288432967,4.694405684761626,4.684509819925474,4.675648133215159,4.657558593398242,4.653315586266278,4.646824997878075,4.644720518719192,4.652766560908445,4.666770891549904,4.672357173157296,4.661213012079576,4.647439696654988,4.617805899824311,4.595896494041243,4.556240875729345,4.53174044664381,4.518565269474139,4.50649050417702,4.505273826443648,4.510572392686591,4.497290414038574,4.489333838611099,4.454146246771182,4.419568194937949,4.390083308372284,4.349146919972137,4.308229127592156,4.272302766387274,4.25504366167621,4.247981087787478
"REMIND-MAgPIE 1.5","SSP5-34","World","AR6 climate diagnostics|Effective Radiative Forcing|MAGICCv7.5.3|50.0th Percentile","W/m^2",2.062626323232236,2.081195734955324,2.057502505917405,2.07649976266374,2.070092193326171,2.04683714105445,2.099257148923206,2.122123904052469,2.242007129318428,2.280531562964184,2.282658981347761,2.422511772782463,2.462737033142784,2.545159497088055,2.535742660177919,2.559264815561626,2.57564488929468,2.619233179808498,2.663877043818023,2.710701104477232,2.769288505470433,2.840141760488696,2.911109884414208,2.971988078735952,3.030864183115613,3.070636349805897,3.110175321723208,3.147124899136811,3.19633700206603,3.239741113067403,3.286000733560257,3.331327433953084,3.388298018305077,3.456479941564512,3.529815653578443,3.575353654871874,3.629284485571524,3.659362526292857,3.700610589401008,3.723764700283928,3.749274960884469,3.771157279014403,3.799137686598859,3.827266626375135,3.865228051864658,3.919799701569413,3.968888443027286,4.017809733020714,4.045705542221407,4.054304240512063,4.051412881133911,4.052857789238702,4.058502016034799,4.071534160875267,4.087799607203269,4.122806858370016,4.161831005055637,4.175241852930062,4.190715436171715,4.208811856867356,4.202639184745324,4.204578153341199,4.199993804242003,4.198645836033789,4.20202799059294,4.211981486767014,4.234491136291313,4.250604729710108,4.257948684725847,4.253275672022797,4.238173978214936,4.216136513797627,4.203687330019134,4.191826442700465,4.175602791209428,4.162671518109306,4.150717732272605,4.148857530421263,4.148516008831248,4.150894739533143,4.146047352880908,4.128988861319609,4.109662909102481,4.080921993224953,4.055864523112152,4.017331078404032,3.989311390421967,3.967708501563281,3.947295419176506,3.934598507215712,3.931207696312693,3.920113968352512,3.912336317742321,3.87682404505725,3.835916062757494,3.79443439084457,3.74895606488439,3.712083089125964,3.679817032435343,3.658456639458267,3.64515872558945
"REMIND-MAgPIE 1.5","SSP5-34","World","AR6 climate diagnostics|Surface Temperature (GSAT)|MAGICCv7.5.3|5.0th Percentile","K",0.6367321731985257,0.6621787151797767,0.680414544395297,0.6971285622748761,0.710188157651492,0.7217366084428184,0.7341354023871723,0.7489485531657214,0.7697510972875395,0.7890955702174467,0.8061836469722078,0.8308380913843681,0.8518152851513292,0.8760780493970464,0.8976490708554766,0.9137341880538024,0.9299702253363354,0.9439306961839344,0.9610087905483418,0.9775940734863912,0.9973742850361388,1.020918307565322,1.044880765155579,1.069847718452745,1.090381698685504,1.106323043471981,1.123283620046494,1.142405362984896,1.162548998389716,1.182810625024111,1.198933197383498,1.218493475948689,1.239067567814869,1.256362005047186,1.282552134827985,1.307020921885906,1.326272294579068,1.341656850193763,1.361621966625854,1.376031446112397,1.383534791955185,1.394352342592573,1.40572465012695,1.417776736439686,1.43125796356892,1.451265072165745,1.471016140789365,1.488179545578627,1.503332840090351,1.513977914369094,1.52030793054202,1.525624327941566,1.528865178518225,1.534487405735603,1.53975581757108,1.550153189929408,1.560779807996447,1.570960472053871,1.580071853279127,1.588525130708791,1.594103033400617,1.597980940299421,1.601187175656736,1.603820688275038,1.60360292806575,1.605011839834837,1.610489419797156,1.618267911205259,1.625137421117092,1.628038821988652,1.62808320322245,1.627682843180924,1.627070367523926,1.626598605267568,1.625658789748853,1.624814204456075,1.623437492450707,1.620343892935361,1.619587470183078,1.620297408038167,1.620856760062204,1.619395004279879,1.616305754339934,1.611144174570939,1.604373818611906,1.595493920192674,1.586028597088114,1.577069697532521,1.568616384747885,1.563864181371008,1.560778123863975,1.557726287914726,1.555191454135427,1.550075568182822,1.542504387458839,1.532356887839728,1.519034264375106,1.505445906421454,1.493416721323971,1.48512227121766,1.477301467706732
"REMIND-MAgPIE 1.5","SSP5-34","World","AR6 climate diagnostics|Surface Temperature (GSAT)|MAGICCv7.5.3|50.0th Percentile","K",0.7721363366232377,0.8056611975844025,0.8271420057794328,0.8442944059134287,0.8572367571666304,0.8681523466910689,0.8819046690827494,0.8989091614109932,0.9278051963806668,0.9539763535645752,0.9755629259259608,1.006372935416786,1.033262324921171,1.065928466173721,1.093616770376162,1.115460120065013,1.133382304605316,1.155229458546362,1.177500118780105,1.204088648761512,1.229856408816955,1.260289690641061,1.295388791039828,1.330096957713026,1.359332533029461,1.386859769387073,1.412813466494448,1.437503414830187,1.461225223905467,1.487537524309918,1.513069534783049,1.538414265744441,1.564693430573063,1.593337403751717,1.626823418562911,1.660246552852067,1.692366169074893,1.720295081686601,1.744797696093444,1.768902550664353,1.790004466704091,1.808365765045392,1.826747971452096,1.845266756670608,1.866196486674681,1.890310504585482,1.91653549117077,1.940936935920968,1.967054015752353,1.987681505841363,2.002859049925137,2.014666858564514,2.029112236702906,2.040734144551803,2.051143953422426,2.064181204850168,2.080187101121061,2.09688656822006,2.111138679729182,2.12357839296453,2.133619157185039,2.141433332358269,2.146948589254315,2.155265351191557,2.161895890538593,2.171284098635121,2.182408795514588,2.194333190628537,2.20723882348347,2.217549161994668,2.223780184112407,2.227027992793017,2.230466137790944,2.233101038853367,2.235767581722552,2.236907019032517,2.236630188081438,2.236757550154019,2.236627754468987,2.239514998299026,2.242273738465182,2.242812051108805,2.241476522759442,2.237751932219884,2.232500732061988,2.224792993978332,2.217129439248424,2.20915570658102,2.202593857416659,2.19704999180757,2.193177201577716,2.1898198897126,2.189055553523481,2.184786189383229,2.175295136004215,2.163584063212688,2.151160355936004,2.139674932477808,2.12528364088937,2.114021429738007,2.105282356781557
"REMIND-MAgPIE 1.5","SSP5-34","World","AR6 climate diagnostics|Surface Temperature (GSAT)|MAGICCv7.5.3|95.0th Percentile","K",0.8793779330484511,0.9211405923104122,0.951794749263391,0.9734445226698756,0.9884594636250488,1.002205883195723,1.017617460002421,1.033774387972132,1.06332806089965,1.093089416934262,1.118528515855578,1.161776895054693,1.195407747514875,1.235584328927566,1.268225366332373,1.295693029215225,1.324460410036898,1.353084557713852,1.383028686177529,1.415986345665122,1.453841278817709,1.494700442667207,1.545886939711056,1.589569884064188,1.631027569136844,1.669016267306311,1.704099494320105,1.742524843340823,1.777594189787274,1.812595593044445,1.852833506513072,1.894992029116719,1.931720684211913,1.974422720898946,2.024383146561968,2.073342645816162,2.127329300491332,2.170544173330269,2.206411977065942,2.247152098572224,2.279205182451392,2.31585672187856,2.352448955920873,2.39081182075608,2.42903812755107,2.469926026336091,2.516044179277704,2.562652239765556,2.60422433158187,2.642430157617731,2.674852452459549,2.700544641385882,2.723703855071861,2.744533628078728,2.770479204301072,2.795035000878885,2.822862272581792,2.850532386672525,2.876973929164836,2.902253293620041,2.922904934048025,2.944638916906358,2.966407694167271,2.987865599132095,3.009319012983758,3.031204910359762,3.054798647616653,3.077410707991825,3.099570768730024,3.118507490898212,3.133184868644588,3.148325060051964,3.164834768435546,3.178412058675522,3.182813683214877,3.186635201599453,3.190748102319378,3.199672003662953,3.211023984863529,3.223126933975427,3.23436168292437,3.238922987330365,3.244566610793513,3.245902141945859,3.244762555770932,3.239898011391471,3.232946558441075,3.226692510071738,3.221417049264898,3.221298763109546,3.2224607825115,3.222002104999276,3.22531865213957,3.224471896926118,3.215937440530953,3.203154675377381,3.190822770728872,3.184941418434635,3.173430318772516,3.162312323568637,3.156958077829839
"REMIND-MAgPIE 1.5","SSP5-34","World","AR6 climate diagnostics|Effective Radiative Forcing|FaIRv1.6.2|95.0th Percentile","W/m^2",2.657661883865041,2.678335392388077,2.678091066794761,2.612977723670228,2.659260220940046,2.63304433918943,2.639272813019237,2.690013260938555,2.763263742081448,2.79476449328222,2.903580204459046,2.948446519218688,3.023581075296491,3.116753196679526,3.140456326109081,3.203427469548361,3.237970379191203,3.300823673511397,3.342144248676604,3.381589483716044,3.426164018162971,3.505190001833719,3.58630505308233,3.643958538510704,3.686648153575372,3.693561011707299,3.701928868941102,3.715954166701757,3.737587811550294,3.768067030456126,3.807921094794996,3.840485057399517,3.883243517020572,3.948204373978295,4.030728664080451,4.079085164011752,4.138575779087563,4.157708325254308,4.19354989487249,4.206278343962958,4.216469603840328,4.222564662240591,4.247418216050994,4.279037838795658,4.314827423863738,4.377092136265266,4.43288777831003,4.484646063667995,4.510079988640643,4.50908709778296,4.498008495341677,4.499823432074306,4.502722854787327,4.510108850112796,4.531331628711383,4.567167222322787,4.606375847190832,4.621431800683657,4.639329511689549,4.65440194860171,4.647683080851317,4.641262366312666,4.63779920886495,4.64196019962704,4.648997483755152,4.660678020996691,4.68766630566355,4.716902509790375,4.736193536444921,4.730452291651576,4.713425930342514,4.68891711598148,4.67613213537541,4.666334017996338,4.650761441981095,4.639444564756128,4.623254125485564,4.617269474327387,4.627084968297887,4.636093053944293,4.633560621779822,4.619062966246569,4.600722151035444,4.569952805794827,4.542921817489815,4.499441381217665,4.466754651705913,4.442325685670206,4.417957482467973,4.411241250450279,4.416107195290802,4.405126577803181,4.403561177978436,4.365224812934116,4.317435390120932,4.271764742097367,4.222629000219803,4.186416195935349,4.1518246912491,4.129968780773281,4.122914020906808
"REMIND-MAgPIE 1.5","SSP5-34","World","AR6 climate diagnostics|Surface Temperature (GSAT)|FaIRv1.6.2|50.0th Percentile","K",0.7623774623571519,0.8119315171042766,0.8488441945315958,0.8727811545712288,0.8898032111760387,0.9036754266924548,0.911694880807334,0.9224931506296932,0.9385866846587202,0.9583938334586476,0.9801581948795168,1.004033858337768,1.028536628676223,1.056941911094347,1.084233719256086,1.111952464427747,1.140372699407103,1.169513068470538,1.198276137953998,1.224463040307771,1.249485222956639,1.276844752918047,1.306937829036209,1.338272477914929,1.369084852455982,1.395407038934479,1.416789023466682,1.436052221813912,1.452832213347347,1.469584328399784,1.487928340865731,1.506260739068687,1.524851270483318,1.545975092228078,1.571816822866068,1.599066800717206,1.624875007968119,1.650000034765678,1.6743267689899,1.696112961700073,1.713624879231218,1.728896851779749,1.742713705431524,1.75672374650665,1.77087521291188,1.787772051833193,1.808453780688667,1.830333157973962,1.852472544921593,1.868507164678855,1.880825542795284,1.891119544377106,1.901537777783663,1.907678199263453,1.91653326527435,1.925427840438916,1.937017162654089,1.950354659899248,1.962118769639033,1.973025611260355,1.982521160819743,1.990490138670176,1.996422486113886,1.999568403001782,2.004378901462182,2.010640802281673,2.01814461926941,2.026382305515529,2.036688291241328,2.04451784722715,2.051203072541551,2.053877498164929,2.055242375253791,2.055990530108274,2.055479869726855,2.055056976802198,2.053349008647365,2.051268657344623,2.051999081577997,2.054140741488021,2.056765085595325,2.05702257832058,2.05724607722852,2.056770724093213,2.053392142283968,2.046101772768819,2.038167283584926,2.030016789392474,2.024003523554891,2.018812574189829,2.015551196491361,2.010741246259357,2.00819382564165,2.006301653221037,2.000988663686128,1.993912526795595,1.982395251885477,1.971095908820093,1.958377643949729,1.946340408934748,1.936254626488538
"REMIND-MAgPIE 1.5","SSP5-34","World","AR6 climate diagnostics|Surface Temperature (GSAT)|FaIRv1.6.2|5.0th Percentile","K",0.6276610612654674,0.6712284905378203,0.7016113967807333,0.7179630520463118,0.7311475919892989,0.7398516205314373,0.7456653965892174,0.7519962585340078,0.7656917819541806,0.7812025140631924,0.7989199833243726,0.8185200040597655,0.8378837724721709,0.8595704973746938,0.8832614052449892,0.9046822608144178,0.9259084258479616,0.9479919264621663,0.9714645818580744,0.9923569034336196,1.012736602813353,1.035878335056385,1.059057814506228,1.080585921611488,1.103584935217865,1.123580257155695,1.138575182774163,1.151561791498811,1.162370659368362,1.174998991354849,1.184295439851744,1.199601041739072,1.217181218266226,1.23273989316242,1.249974323233513,1.272068092215868,1.291851815347767,1.311654027704373,1.327752120922371,1.339326956882569,1.351759634527704,1.360540494892041,1.369492342281208,1.377610700172627,1.386982237588268,1.399591272017378,1.412497236289834,1.425339450925704,1.438932863681642,1.449440592128237,1.456710333431685,1.462578474781854,1.467036970137659,1.470536178418688,1.476268090192909,1.481784702262642,1.489467331604457,1.497404280987127,1.505558507606175,1.514871473891443,1.522459118602033,1.526694876763358,1.529750608169709,1.531986732488356,1.533419850869302,1.535109682873944,1.537974362329087,1.544525484969696,1.552321442799377,1.559434441609863,1.563162134661101,1.562962699671494,1.562473267665279,1.561093218976465,1.559773506780585,1.557406742685985,1.553915603618455,1.550833430382431,1.548900371936431,1.547366575119638,1.548199845849987,1.547329891025725,1.545034543984251,1.541203194972243,1.537073858466962,1.532786558804365,1.5258674472196,1.517504818165673,1.509664979224142,1.502056463491764,1.495936366704522,1.49374089057424,1.492092063429507,1.488023292119445,1.481109942138001,1.47106042082257,1.460129619985414,1.449695309148677,1.440506527370427,1.431960571823479,1.422669467044481
"REMIND-MAgPIE 1.5","SSP5-34","World","AR6 climate diagnostics|Effective Radiative Forcing|FaIRv1.6.2|5.0th Percentile","W/m^2",1.763191999517468,1.774933788259369,1.690374006869275,1.608526133757019,1.663439171635192,1.613927448455839,1.586011128218568,1.644585580890775,1.752666660818008,1.791944799594201,1.829121938388484,1.914462659244813,1.92775888114022,2.07001001850638,2.03879896179999,2.142489538915803,2.193927966620184,2.27172266557647,2.326395248425103,2.382915800232509,2.437343299863553,2.522413712646376,2.59523785983065,2.661712039565374,2.71255239732579,2.734307285479564,2.749030650972468,2.766695974432457,2.791461250888799,2.830252356276749,2.876043634205542,2.915004488489652,2.964318600174797,3.03239019271641,3.111306150795424,3.160277611424673,3.216889046253533,3.241504863714297,3.276114436028294,3.289591290204542,3.30229488346294,3.310403698984537,3.328816121918548,3.359187152792144,3.391683485101506,3.448127437683233,3.497346276264561,3.546697266137459,3.565853274531982,3.560620359771556,3.545367571135619,3.54203214216457,3.536965324187905,3.537155408210036,3.553753372365708,3.582745801240228,3.619856087063174,3.629318447037263,3.642261334515035,3.653720112113986,3.644956673713406,3.631672367762732,3.620573713145625,3.620444299395848,3.621425793313138,3.632811867019926,3.660816013302546,3.686243701932743,3.699961398928672,3.692349204500701,3.674763814354161,3.650992980572284,3.637546833446794,3.623803686241089,3.607067496696969,3.596832846124178,3.583945871958447,3.580604079066739,3.586346634853021,3.589610328256034,3.590453939738365,3.578032631780724,3.560590972041557,3.530017817192733,3.505817658332797,3.471836142043094,3.44226782769696,3.422549362663796,3.402557441288282,3.39157379234089,3.394261826331515,3.38936475702651,3.390475146388567,3.358001175816037,3.313189755200273,3.272926838409118,3.230398821175153,3.201058002728536,3.17198178358327,3.152463323037435,3.149327469432613
"REMIND-MAgPIE 1.5","SSP5-34","World","AR6 climate diagnostics|Surface Temperature (GSAT)|FaIRv1.6.2|95.0th Percentile","K",0.8925689058257206,0.9413344809517687,0.9794653133940004,1.006412869800846,1.027853977503095,1.043317645189175,1.056145452477463,1.069444621965473,1.089231897898024,1.112365004060283,1.137019201415095,1.165991449708841,1.196988909893055,1.230769478247897,1.264654642289953,1.299157890583821,1.334361285057027,1.371695570537726,1.407163492360518,1.442267771664504,1.477618751796821,1.515542418469681,1.557585477993681,1.596629518721886,1.639584932713727,1.679719079171393,1.713419424769198,1.742210516439235,1.772501830288479,1.802535009371956,1.832072986894822,1.860042940400754,1.892810090432226,1.924678715707092,1.963438667405066,2.00521862397568,2.047903610230367,2.087339932693502,2.122498131178115,2.153697769141421,2.188130200138205,2.215953353755752,2.239361508575964,2.265747862076352,2.295513019022876,2.327275091518617,2.357730390893861,2.386425396352301,2.416427243236261,2.44399129763928,2.466754371853501,2.486197903273213,2.502891453618272,2.51923017947466,2.532215403032471,2.548205600738155,2.568859894660056,2.592085364914966,2.614159833157401,2.633722496976054,2.650983094773151,2.669040214762277,2.680837409043968,2.697030655106121,2.710368927967346,2.72428534751963,2.738369915797545,2.754046842162323,2.770890327933238,2.786978941216446,2.801170491406155,2.811202468076172,2.81623922486613,2.82306495359829,2.82615284566332,2.827869264277719,2.829050331245507,2.832420794987489,2.83300955159308,2.842052915638852,2.849416156441047,2.855924537190093,2.85812095267027,2.856160759613963,2.851870596606396,2.847161434113727,2.841220818934041,2.833246479799528,2.824744213630398,2.819425954168604,2.820296550281825,2.817606609352111,2.816427365387204,2.81466250270538,2.807484970816264,2.799824695037113,2.789036907852442,2.776534834797495,2.763674960325805,2.753121711535044,2.741529025507821
"REMIND-MAgPIE 1.5","SSP5-34","World","AR6 climate diagnostics|Effective Radiative Forcing|FaIRv1.6.2|50.0th Percentile","W/m^2",2.170360527617796,2.186173290568855,2.157821107126603,2.083202309839795,2.123569592204309,2.086276300460471,2.081729702471904,2.135420602712622,2.225270111161214,2.259993705540765,2.346395011997902,2.396762174360166,2.458739222459384,2.56947130952132,2.574770058788384,2.663454743293458,2.705355759050798,2.77948051738184,2.824848235120303,2.867771363509549,2.916564579994306,2.994582422143743,3.074898989571889,3.137060801334617,3.183992669044738,3.200578232536208,3.214723893026748,3.229108122271265,3.259391145863785,3.293626217736568,3.334372591388069,3.373331509349977,3.423367729123981,3.487872276314451,3.567695579031914,3.611875061771123,3.667387306654467,3.688166851491393,3.725287076987899,3.736309193681852,3.750065298559554,3.755905524946197,3.777781210798958,3.805601551392621,3.843836643390969,3.905609642983246,3.951927387702431,4.000742871082008,4.02892894040306,4.026596303058145,4.010363421753826,4.009572737136361,4.009415502096105,4.013744578037577,4.034537584976944,4.070719148614037,4.11137969799983,4.126004221598806,4.140701292182883,4.153809274925141,4.144292691917311,4.134047023101398,4.127440489241843,4.128371563862004,4.131725327728089,4.142301793881055,4.172846746740428,4.200555451783506,4.216378409637056,4.208991707479763,4.191973545511633,4.166881028413981,4.151754108136819,4.138244060536142,4.119615465669352,4.106865991686825,4.094161781694972,4.089914697338764,4.097736895326118,4.105867952714551,4.106145640985677,4.092531943202301,4.074317052245152,4.043289919978131,4.016746181057868,3.974368568756645,3.940549386657633,3.91852332749362,3.896931847181659,3.891158854557215,3.895625741152296,3.891952670244666,3.893767227331956,3.85660372633439,3.807265787866156,3.76251893939121,3.715341983254435,3.68128659355841,3.648425606685605,3.631267710090642,3.627239561325746
"COFFEE 1.1","EN_NPi2020_400f_lowBECCS","World","AR6 climate diagnostics|Effective Radiative Forcing|MAGICCv7.5.3|5.0th Percentile","W/m^2",1.708073353869626,1.726885868144321,1.686941426263058,1.684214307662741,1.654190835969117,1.622816066444313,1.663028102334119,1.675124825793782,1.810257615160486,1.842305932508554,1.809320146174782,1.97921694261352,1.997080013656141,2.070844002914833,2.049412089309586,2.078283681213386,2.096437466862485,2.130398987289229,2.167943352260585,2.219300894825934,2.280522194860613,2.375462920491845,2.468641044168487,2.548489539260808,2.617992411308065,2.668801736732734,2.694481417827918,2.716716449108445,2.749610687197428,2.774047838559173,2.791614038437733,2.806349015442267,2.836111211252008,2.879189197954206,2.935430110479806,2.958037262577875,3.004007055922008,3.017452427613608,3.038736044462359,3.03609844055973,3.04141400212922,3.034929012582456,3.045863957520493,3.053848509003401,3.069409732600335,3.11011653791179,3.144982514786854,3.172396881562771,3.175831165852442,3.169639090465105,3.137497535343428,3.116090338045653,3.098609271008092,3.082982965665434,3.079198325185688,3.082346526474188,3.105305773479961,3.099152069681068,3.101553683708947,3.100187485255164,3.066842598712504,3.034383065486585,3.005884437479679,2.983807645869532,2.964822157207153,2.953310083162064,2.957801252891945,2.955500692865449,2.946754629050713,2.920655397245033,2.893301446053456,2.85220960664406,2.822865839706178,2.793671285516862,2.764286952771974,2.74098235895909,2.719407574307727,2.704946942494151,2.693767894663845,2.692332456608053,2.688482528294796,2.674302289582635,2.656698808401911,2.624133008934278,2.605344556528096,2.572006731175727,2.544539055307322,2.529139426935716,2.514359901090644,2.511850039301752,2.520991901185934,2.515280182698599,2.519990301597695,2.494602024941201,2.459939822003395,2.428198885042243,2.394923746914461,2.376157034475887,2.3539704159667,2.348356261857043,2.348435416445124
"COFFEE 1.1","EN_NPi2020_400f_lowBECCS","World","AR6 climate diagnostics|Effective Radiative Forcing|MAGICCv7.5.3|95.0th Percentile","W/m^2",2.548021844936896,2.566072314718057,2.592058863586531,2.625389179923558,2.623049045411018,2.61708735499299,2.652913309142046,2.69806600022461,2.787199015756734,2.83284227066167,2.865929674538835,2.974224895825129,3.026014028401468,3.110061918533062,3.109038828217522,3.139917075323659,3.157884672844187,3.191424952123589,3.21799242014795,3.249963675314119,3.295095311607253,3.370695728500246,3.436571159696568,3.505832850888424,3.575903766711772,3.606341380091354,3.624823383415543,3.643889058196855,3.669670615225277,3.687660270118028,3.704526935189921,3.715284257306569,3.731606948708812,3.75794958060487,3.808261073416384,3.827439601787122,3.854540659245577,3.861555967366979,3.87172839322876,3.868597655400681,3.863990022839612,3.849371039270178,3.853234574154805,3.85666548886165,3.868503113951803,3.893539157410899,3.911551780868337,3.940591773237314,3.946474981460921,3.926587291637913,3.903799821542171,3.88490635875381,3.866198638465263,3.844106600251884,3.837493094443482,3.846731872807065,3.85326818492891,3.847811334247461,3.851117329306506,3.850436365064094,3.817042429605438,3.783066959958517,3.751277323802409,3.722210785668686,3.699607310082991,3.690594761964946,3.699033153658307,3.702264038510228,3.693580056502773,3.668435740039846,3.634223790113436,3.592755000978874,3.56329934678344,3.537510912095362,3.508591238541513,3.487946366430136,3.466474244824497,3.451538818518467,3.446168552165521,3.443659613319494,3.442079675337498,3.42604422266068,3.406976259536598,3.380371288903144,3.361569547833613,3.333547474472724,3.309035973691988,3.295842146994905,3.288219455920526,3.287270257645153,3.275153279971292,3.264048037340649,3.27472856275489,3.251976032118237,3.220748579183454,3.187444145590994,3.148865327145516,3.130032940216843,3.113000716824973,3.108744353334339,3.113204258030717
"COFFEE 1.1","EN_NPi2020_400f_lowBECCS","World","AR6 climate diagnostics|Effective Radiative Forcing|MAGICCv7.5.3|50.0th Percentile","W/m^2",2.062626323232236,2.081195734955324,2.057502505917405,2.07649976266374,2.070092193326171,2.04683714105445,2.099257148923206,2.122123904052469,2.242007129318428,2.280531562964184,2.282658981347761,2.422511772782463,2.462737033142784,2.545159497088055,2.535742660177919,2.561140501825214,2.572231930407441,2.606437930270282,2.639313182372397,2.67728282999371,2.73194582173209,2.81732665996966,2.903367906296908,2.980523812138824,3.040321604047679,3.087113985926159,3.122846084310772,3.141966606729062,3.176649380561268,3.200428079940003,3.221870577736147,3.236051983243589,3.262325982518016,3.299547996849285,3.353803606973689,3.373728437387747,3.406583261278328,3.412971563129219,3.434258511293596,3.432058225617967,3.43161167584134,3.424944752726156,3.423405091003209,3.430415687062116,3.444595738005947,3.480392416415074,3.506184563809294,3.534081255620872,3.538314629789189,3.521191775895061,3.491423024372189,3.469818334735149,3.456227749127132,3.444799048567806,3.440718584992692,3.448958313841698,3.461952293116342,3.457836195757718,3.456747152004317,3.455567309548027,3.422199346573541,3.389904114362039,3.360212722230585,3.335579456926173,3.316224787597453,3.302189672613142,3.305606808377361,3.305385710579458,3.295319802972756,3.269113641152757,3.233138340937669,3.194289564954726,3.164713150387346,3.137450163811041,3.107424454101511,3.085899350879234,3.063924345225909,3.048229000871534,3.040474729167588,3.033808455147695,3.028413547148616,3.013875375145508,2.995994501763922,2.966767626715077,2.944310605430394,2.909530070382789,2.884432329759952,2.866225707079904,2.850800405881,2.85320910824521,2.855416680255789,2.847449476390195,2.847342838490341,2.822163777023842,2.790341642395369,2.759398375944278,2.723157693331411,2.700911832075339,2.677338598319419,2.667053183495594,2.666002606639349
"COFFEE 1.1","EN_NPi2020_400f_lowBECCS","World","AR6 climate diagnostics|Surface Temperature (GSAT)|MAGICCv7.5.3|5.0th Percentile","K",0.6367321731985257,0.6621787151797767,0.680414544395297,0.6971285622748761,0.710188157651492,0.7217366084428184,0.7341354023871723,0.7489485531657214,0.7697510972875395,0.7890955702174467,0.8061836469722078,0.8308380913843681,0.8518152851513292,0.8760780493970464,0.8976490708554766,0.913838569980899,0.9285805837317856,0.9407941964479114,0.9553395191794788,0.9696472714500984,0.989174515174286,1.012115106892179,1.038631829717796,1.064400451903725,1.08476666124968,1.1061217217823,1.125327681405176,1.141112780491114,1.157140914768336,1.17191602144796,1.184182055676023,1.194651554589784,1.207469476018046,1.221854450564008,1.236597371514541,1.249580615276804,1.26188674689238,1.272178766055454,1.281140826983368,1.287952049291392,1.292448558766584,1.294200789093982,1.293783204792421,1.294871160452227,1.30020005937257,1.310481826490948,1.321646560324377,1.329964229474819,1.338042007958013,1.342288336714659,1.340101063762824,1.336285770396412,1.333083172916307,1.330246642127121,1.328891364516239,1.331549006662992,1.336627776347416,1.338942617386469,1.339692726585514,1.339313300436712,1.336063014913833,1.330881234387119,1.32514267729794,1.318594068661373,1.311781946247698,1.306294200381864,1.304592217390907,1.304720834507395,1.302723872999493,1.298543397505144,1.29315965616616,1.283921758834779,1.275844045652818,1.266919826281281,1.256647969149784,1.246768880038691,1.237922299110339,1.232116524640128,1.227951523104862,1.224515280371188,1.219976578439681,1.215448171996338,1.212029840903559,1.205750970849696,1.198054143023697,1.189068851860621,1.179770450422148,1.170712447816192,1.162170099547733,1.157207499058692,1.154478569205059,1.149197947121749,1.149519916928728,1.146662848966279,1.138640247469923,1.128090149663153,1.11600266453203,1.104949822949663,1.095170472870366,1.088256107201098,1.082345824882479
"COFFEE 1.1","EN_NPi2020_400f_lowBECCS","World","AR6 climate diagnostics|Surface Temperature (GSAT)|MAGICCv7.5.3|50.0th Percentile","K",0.7721363366232377,0.8056611975844025,0.8271420057794328,0.8442944059134287,0.8572367571666304,0.8681523466910689,0.8819046690827494,0.8989091614109932,0.9278051963806668,0.9539763535645752,0.9755629259259608,1.006372935416786,1.033262324921171,1.065928466173721,1.093616770376162,1.115556765938727,1.133155699820889,1.152080684980585,1.171482042282015,1.193126847931272,1.21807247566802,1.2496423402589,1.288507625868948,1.324186784439253,1.359725932129586,1.38993842624737,1.415035889201903,1.436370447543724,1.456432085085224,1.477301593895796,1.496632599205256,1.516615786176011,1.534512203351618,1.552050964802339,1.572647943655199,1.595894131799071,1.615079291666812,1.633638316208512,1.648416111902929,1.662787779421601,1.671736666859139,1.679655186442551,1.68771500796866,1.69550859353627,1.705931457230385,1.719789060221462,1.735530844632074,1.750257513873895,1.760877644176713,1.768301383678013,1.769212424971333,1.77008535024956,1.768492468880794,1.768832079588436,1.771608951540487,1.776271439084747,1.782714622285068,1.788028656184216,1.792210341092981,1.795057805438438,1.79720328012734,1.795512046980803,1.792456120323403,1.788031173428641,1.782758224513129,1.780534388832125,1.779263377910572,1.779476352952725,1.776207079280859,1.772356820847177,1.764277386373578,1.755288395008984,1.745586926426089,1.73684293890657,1.729207161189814,1.719276209163487,1.708597439509353,1.699915847267499,1.694115083834285,1.689687734572156,1.686321921809554,1.682352140230348,1.677352505682877,1.670018949010476,1.661620160674381,1.651182428888894,1.640414366773841,1.631692043297807,1.624798105332424,1.620054551856367,1.614600703369991,1.611256077372906,1.60979673281568,1.60530014253913,1.59672343948801,1.585520402351944,1.575518798672819,1.565934677879636,1.556129441177405,1.548787291225517,1.543232887385978
"COFFEE 1.1","EN_NPi2020_400f_lowBECCS","World","AR6 climate diagnostics|Surface Temperature (GSAT)|MAGICCv7.5.3|95.0th Percentile","K",0.8793779330484511,0.9211405923104122,0.951794749263391,0.9734445226698756,0.9884594636250488,1.002205883195723,1.017617460002421,1.033774387972132,1.06332806089965,1.093089416934262,1.118528515855578,1.161776895054693,1.195407747514875,1.235584328927566,1.268225366332373,1.2958959193986,1.323789215238716,1.348971280668515,1.377567135510993,1.405556360360924,1.44036916293234,1.481907076220999,1.530636259319551,1.579287435098553,1.624437121946663,1.665574967160659,1.702586468598732,1.739279432672626,1.778744285652456,1.817285032932721,1.855705450737712,1.88835203145242,1.913203208193212,1.940803613954016,1.979132166774292,2.017852606906173,2.052854403520436,2.083738532000115,2.109233259906568,2.138605904852728,2.15904615206368,2.176894976762294,2.193611170993931,2.210383180347107,2.227953249279728,2.254512816032156,2.284096238367319,2.321918973691359,2.350875409500083,2.369124995319593,2.380992855269716,2.388642894911281,2.398617781790913,2.408333377889483,2.416088506211174,2.429144871581423,2.44153505288917,2.453672181007744,2.464849135946716,2.475342088653293,2.482475533408595,2.483700965238066,2.482968881890146,2.481202846276223,2.479127028305586,2.477799289713394,2.480685737451716,2.485705055204121,2.489966159583205,2.492194059139082,2.49263013773569,2.486867809360143,2.485307035657302,2.483450988112751,2.47824958071578,2.470522143691857,2.463105715726952,2.45710614673601,2.454014547054803,2.451666255077543,2.450687891304702,2.452467229948267,2.448172983127835,2.440121012882138,2.429484818387793,2.418089856936505,2.402492679333811,2.394299279307242,2.384373043363373,2.378621428048618,2.375275206653304,2.371851432093574,2.369152892940838,2.36500310682706,2.358586232438218,2.348341732546825,2.338024863596555,2.332991857141294,2.325969007138678,2.319060995828512,2.313166912768025
"COFFEE 1.1","EN_NPi2020_400f_lowBECCS","World","AR6 climate diagnostics|Effective Radiative Forcing|FaIRv1.6.2|95.0th Percentile","W/m^2",2.657661883865041,2.678335392388077,2.678091066794761,2.612977723670228,2.659260220940046,2.63304433918943,2.639272813019237,2.690013260938555,2.763263742081448,2.79476449328222,2.903580204459046,2.948446519218688,3.023581075296491,3.116753196679526,3.140456326109081,3.203427469548361,3.225077128566992,3.274693548000145,3.298320090911914,3.325625981020301,3.355622491738955,3.445874761052793,3.539942379546362,3.616648015521565,3.666108287235637,3.68363339105126,3.690381542521721,3.67859452000438,3.685046628694664,3.693970431133815,3.710878113047433,3.71758684198808,3.730957159369989,3.767097584295249,3.818041991620115,3.838322733032284,3.864183892882804,3.855546756720838,3.86598241457613,3.853670460213291,3.843907767029657,3.8313462948757,3.830194992025619,3.836605006028158,3.850271349648252,3.892555540339461,3.920954026339294,3.949365999644538,3.948419738428525,3.926600408101172,3.890515916934917,3.868635020909652,3.84918550271066,3.833418268363066,3.832010431157877,3.843598394049149,3.861052345812618,3.85634020030447,3.854598973721458,3.852878807896853,3.825743638932664,3.787256842073295,3.757177266817989,3.733166883819319,3.71069896376207,3.698693663691993,3.707464088637064,3.71433631135955,3.707675180384777,3.678817576085908,3.641220585146559,3.593646543894603,3.558879682385991,3.527216548906246,3.496195009513607,3.471594737658589,3.44313179269421,3.43234368765205,3.425495997332429,3.426226645938601,3.422444751982536,3.408273786177134,3.389801768484064,3.354944614958605,3.329779953238673,3.290116742579885,3.260024211198711,3.240823170994932,3.222286107128854,3.223241833439358,3.239768599817994,3.230030838759848,3.233948221793227,3.204187105676916,3.162911379102201,3.129592436799961,3.086318095777925,3.059506182955596,3.033007769114558,3.021365469642209,3.022770575056934
"COFFEE 1.1","EN_NPi2020_400f_lowBECCS","World","AR6 climate diagnostics|Surface Temperature (GSAT)|FaIRv1.6.2|50.0th Percentile","K",0.7623774623571519,0.8119315171042766,0.8488441945315958,0.8727811545712288,0.8898032111760387,0.9036754266924548,0.911694880807334,0.9224931506296932,0.9385866846587202,0.9583938334586476,0.9801581948795168,1.004033858337768,1.028536628676223,1.056941911094347,1.084233719256086,1.111952464427747,1.139579837031583,1.166793047395787,1.19167600481306,1.214391357673734,1.235928437280797,1.25907488513005,1.287572516542628,1.320132759506888,1.353044948549471,1.382250917842607,1.406205606408189,1.42657148159955,1.441426446302768,1.455641084040491,1.469094182127586,1.482507232598678,1.494386188170561,1.507128922529393,1.521915068535042,1.538660455853638,1.554909855159283,1.569568517768368,1.581804614348412,1.59281548321171,1.600031158313077,1.606084146767639,1.6091395601072,1.61316786230856,1.617882474380528,1.626746079879196,1.638170105005232,1.650851951392636,1.663966458749897,1.67243508159298,1.67603599234579,1.676667331404595,1.676498372158194,1.674928565766027,1.674050501185415,1.674712032455014,1.674374228616996,1.678206152905132,1.68138911460124,1.684691899263701,1.685215700189663,1.684662195649391,1.682185376844738,1.676465315210877,1.670530089343834,1.666239962439332,1.662601654821999,1.662856438400844,1.661296809732956,1.659028150101766,1.654388891693774,1.647953800273914,1.639288982090583,1.629842389295756,1.619657306915286,1.610685543015585,1.599763506424567,1.591108016985308,1.584133378823458,1.579838495081194,1.576552939107438,1.572385264993866,1.56893449354887,1.563735286042187,1.559154926633499,1.551967476161863,1.541634393270719,1.533464879772335,1.526297315452608,1.521582829925946,1.517595470444679,1.514066769769787,1.514406171673566,1.513832215995868,1.509408023011579,1.501092098840141,1.493321360235435,1.483802595367035,1.475102563486965,1.46709023855495,1.459963760869492
"COFFEE 1.1","EN_NPi2020_400f_lowBECCS","World","AR6 climate diagnostics|Surface Temperature (GSAT)|FaIRv1.6.2|5.0th Percentile","K",0.6276610612654674,0.6712284905378203,0.7016113967807333,0.7179630520463118,0.7311475919892989,0.7398516205314373,0.7456653965892174,0.7519962585340078,0.7656917819541806,0.7812025140631924,0.7989199833243726,0.8185200040597655,0.8378837724721709,0.8595704973746938,0.8832614052449892,0.9046822608144178,0.9250889260120808,0.945204214209958,0.9670173418807604,0.9839349181007838,1.001537389455906,1.021799709631754,1.043866569685339,1.06891133333484,1.092352887589818,1.116382536875464,1.13195170710898,1.143278144815412,1.153261318112357,1.161130317968074,1.171487273007351,1.178648895257911,1.184905045763023,1.193925277843195,1.205032586412443,1.216888412338317,1.228625877925462,1.237891807757768,1.245815831785352,1.249931871959882,1.254916013391605,1.255140989385715,1.254472992370259,1.254943053058838,1.256882258505185,1.26303132946486,1.27229226298086,1.2800091958802,1.285754528736463,1.290185077051521,1.29192372853164,1.288753188002938,1.284339280014393,1.278342939524274,1.277785565363998,1.277277103847357,1.27925800186434,1.282557542558482,1.28567285296251,1.285920508107316,1.284558816983992,1.281488710885471,1.27768358111567,1.272126731304191,1.265841473271347,1.260008123811682,1.258151967645224,1.258411203996058,1.258019649216175,1.255830860999838,1.250997820805078,1.244232635217327,1.236129173115531,1.228827951252088,1.220277023087565,1.211648287984447,1.203268501023254,1.195672640658561,1.188883206606978,1.18446263513625,1.180722432907023,1.177470433589137,1.173808026946494,1.168279774022556,1.162335580579663,1.156679165245766,1.147369644945605,1.138117982956675,1.130041338979951,1.123647103480041,1.120814942736879,1.120237690878088,1.120921891567531,1.119948437569418,1.115301716918616,1.10937492556781,1.101040207316118,1.089978842202338,1.081586482263589,1.073445400354339,1.06904516511608
"COFFEE 1.1","EN_NPi2020_400f_lowBECCS","World","AR6 climate diagnostics|Effective Radiative Forcing|FaIRv1.6.2|5.0th Percentile","W/m^2",1.763191999517468,1.774933788259369,1.690374006869275,1.608526133757019,1.663439171635192,1.613927448455839,1.586011128218568,1.644585580890775,1.752666660818008,1.791944799594201,1.829121938388484,1.914462659244813,1.92775888114022,2.07001001850638,2.03879896179999,2.142489538915803,2.180825099587639,2.247257329640262,2.288420278698491,2.328954136853267,2.372468228753744,2.476676633567105,2.559532287541388,2.646101083680434,2.70876014476135,2.742770108380428,2.760903870475777,2.758876644588931,2.76836261582592,2.791948188746275,2.814766840602259,2.826302815271088,2.844250452484376,2.881070344517496,2.942676721618424,2.964828177637941,2.998309233305511,3.000240729418075,3.018782028076553,3.010946830956098,3.010516771122736,3.0027302254972,3.001383527026459,3.010308443677073,3.027338123448298,3.072619820596772,3.106465237624541,3.139044120378496,3.144401509233763,3.1270020825911,3.094337329144359,3.07239235759549,3.050409151533133,3.037783706563707,3.038605519658624,3.05291018786801,3.071613246287366,3.069431066505098,3.068764023781312,3.067547093544011,3.03974278208563,3.007520261463369,2.978947839503572,2.956648770740951,2.938679157680064,2.9302359793062,2.936724697475511,2.942516657798729,2.938625741290592,2.912144164244352,2.879223372982019,2.840154922454749,2.810359183676735,2.785983146727271,2.752135841996581,2.730215501882894,2.706950773227862,2.694989897076902,2.698559390373632,2.700195399207601,2.700793006577159,2.688461985832963,2.673659337940763,2.646396925803399,2.626503471005106,2.587178503594294,2.559269198138905,2.543567072061922,2.531540597603364,2.537361883340658,2.5513103885576,2.549865779907084,2.557125248728485,2.529261331209911,2.492124401184315,2.460477648371335,2.424044372871931,2.400482699875832,2.377591475666961,2.370212020063598,2.372948968970245
"COFFEE 1.1","EN_NPi2020_400f_lowBECCS","World","AR6 climate diagnostics|Surface Temperature (GSAT)|FaIRv1.6.2|95.0th Percentile","K",0.8925689058257206,0.9413344809517687,0.9794653133940004,1.006412869800846,1.027853977503095,1.043317645189175,1.056145452477463,1.069444621965473,1.089231897898024,1.112365004060283,1.137019201415095,1.165991449708841,1.196988909893055,1.230769478247897,1.264654642289953,1.299157890583821,1.333416235408774,1.36864962065774,1.400846077069391,1.431268530850983,1.460187250696778,1.493693437700291,1.533727214079318,1.57740412469542,1.620639435590093,1.664469674811115,1.704263617374113,1.737002995348679,1.770886388438648,1.797983970642588,1.829490840674136,1.855425874184295,1.877417762784978,1.901351287060869,1.927401047907287,1.954952915810717,1.981937042206539,2.006515462845135,2.027854890784017,2.047319182404691,2.065002373001232,2.080334602705077,2.093627853025338,2.104075750749389,2.122594765420932,2.138557170061759,2.155487963393542,2.175197695158051,2.195422182109227,2.208640146329461,2.220421470872357,2.228136460381504,2.232154438250716,2.232694494020621,2.234984347201997,2.239792876426989,2.245616299281575,2.254667545928341,2.26373082121737,2.27273425498609,2.280924669000986,2.286073097780279,2.283460130376292,2.280742341733893,2.279089707316048,2.275571393780541,2.2751430958823,2.277622686328782,2.279479626918622,2.279947383823486,2.27612674158014,2.269246329291913,2.266455755236384,2.258349579982493,2.247175462495768,2.234843073031356,2.224498551565623,2.213082324565884,2.206573735966471,2.196435617089684,2.190040988836808,2.192336549479388,2.187509961754128,2.183887096925707,2.179890365045375,2.17152764464729,2.160945573488214,2.151082188102334,2.144210254859876,2.136552324681092,2.134745142351791,2.133466063755467,2.135230484148599,2.134587565062934,2.130027935613251,2.124224749737638,2.117820702244567,2.110814933623012,2.103499123732972,2.093052885373621,2.08681678422265
"COFFEE 1.1","EN_NPi2020_400f_lowBECCS","World","AR6 climate diagnostics|Effective Radiative Forcing|FaIRv1.6.2|50.0th Percentile","W/m^2",2.170360527617796,2.186173290568855,2.157821107126603,2.083202309839795,2.123569592204309,2.086276300460471,2.081729702471904,2.135420602712622,2.225270111161214,2.259993705540765,2.346395011997902,2.396762174360166,2.458739222459384,2.56947130952132,2.574770058788384,2.663454743293458,2.691393015494707,2.749168795853755,2.77755052185545,2.808357180006805,2.842678401008272,2.935485069307616,3.034111506358109,3.117185542859795,3.177383989318227,3.20506018221004,3.221049671393005,3.215195702932762,3.225755971848202,3.245467202576733,3.265201965881925,3.274487872783334,3.290172237679059,3.324771432074447,3.376848068229952,3.39675276979111,3.428598772287767,3.425187954085212,3.439779537944831,3.428529421967547,3.420912393598636,3.40957910459402,3.409335330641249,3.41746545761314,3.432830925297238,3.476745011862866,3.510543317462402,3.543428483824245,3.547105396584755,3.526373835025084,3.494141931138798,3.469918340146353,3.4478759848348,3.432864750918527,3.432542857862482,3.447042651679584,3.46588427161655,3.461580119322018,3.460630656016418,3.458759260735769,3.428210695667254,3.393984008692394,3.362109501425142,3.338655454040995,3.317769004169121,3.307199359424704,3.317228480288774,3.323312981134177,3.317433132069408,3.289186150663963,3.254512081390176,3.210900729365533,3.177436538565182,3.14820368240375,3.115714559674579,3.092812110079322,3.068525689168635,3.056982959099019,3.055933934517466,3.056226475140994,3.053067085634201,3.040924579247299,3.024558449355298,2.993161248695679,2.970829082386744,2.934232839394881,2.905131947963464,2.887881277200432,2.871964085175736,2.874959533837301,2.890621434089863,2.884164445710625,2.890788576197838,2.862699182055742,2.822664941885792,2.790834201337638,2.750616336365884,2.724448947370404,2.700698317758061,2.692949386596946,2.696584427974814
" AR6 Scenario Explorer and Database hosted by IIASA https://data.ece.iiasa.ac.at/ar6"