model,scenario,region,variable,unit,1990,1991,1992,1993,1994,1995,1996,1997,1998,1999,2000,2001,2002,2003,2004,2005,2006,2007,2008,2009,2010,2011,2012,2013,2014,2015,2016,2017,2018,2019,2020,2025,2030,2035,2040,2045,2050,2055,2060,2070,2080,2090,2100
MESSAGEix-GLOBIOM_GEI 1.0,SSP2_int_lc_15,World,Emissions|CO2|Energy and Industrial Processes,Mt CO2/yr,,,,,,,,,,,26469.2741035384,,,,,30784.2449476588,,,,,33161.5880761836,,,,,,,,,,38027.8109162648,,37138.4127655029,,35681.1129353841,,31371.5041020711,,21070.651309967,9691.5709635417,3817.9688685735,-2248.2918200493,-6292.7770662308
MESSAGEix-GLOBIOM_GEI 1.0,SSP2_int_lc_15,World,Emissions|CO2|AFOLU,Mt CO2/yr,,,,,,,,,,,5198.6340774,,,,,5148.8247445747,,,,,5380.4300650756,,,,,,,,,,4444.0853045365,,2684.2856088821,,946.8612950849,,-987.9120487914,,-2797.1086275568,-3447.0848969671,-4196.0427173005,-5019.6842644411,-4453.6060146622
MESSAGEix-GLOBIOM_GEI 1.0,SSP2_int_lc_50,World,Emissions|CO2|Energy and Industrial Processes,Mt CO2/yr,,,,,,,,,,,26469.2741035384,,,,,30784.2449476588,,,,,33161.5880761836,,,,,,,,,,38027.8109162648,,30756.5955556234,,22810.2106374105,,11709.4351959228,,3023.0819466909,-2554.9167671204,-6487.7927738826,-9652.1165793737,-11801.7255947288
MESSAGEix-GLOBIOM_GEI 1.0,SSP2_int_lc_50,World,Emissions|CO2|AFOLU,Mt CO2/yr,,,,,,,,,,,5198.6340774,,,,,5148.8247445747,,,,,5380.4300650756,,,,,,,,,,4444.0853045365,,2125.4165850996,,170.9459366883,,-1400.6667877672,,-3379.0214495445,-3492.6706703647,-4119.1499466604,-4849.949743469,-4395.4814290808
MESSAGEix-GLOBIOM_GEI 1.0,SSP2_int_mc_15,World,Emissions|CO2|Energy and Industrial Processes,Mt CO2/yr,,,,,,,,,,,26469.2741035384,,,,,30784.2449476588,,,,,33161.5880761836,,,,,,,,,,38027.8109162648,,37901.3922271729,,36858.6748504639,,30625.5708440145,,19532.3635953267,8823.292514801,3010.9481919607,-2617.8725398382,-6334.7338066896
MESSAGEix-GLOBIOM_GEI 1.0,SSP2_int_mc_15,World,Emissions|CO2|AFOLU,Mt CO2/yr,,,,,,,,,,,5198.6340774,,,,,5148.8247445747,,,,,5380.4300650756,,,,,,,,,,4444.0853045365,,2684.1053406819,,946.6141263161,,-988.5925478259,,-2797.4872842434,-3448.6404027653,-4182.0219469447,-5008.2117422519,-4447.3792973647
MESSAGEix-GLOBIOM_GEI 1.0,SSP2_int_mc_50,World,Emissions|CO2|Energy and Industrial Processes,Mt CO2/yr,,,,,,,,,,,26469.2741035384,,,,,30784.2449476588,,,,,33161.5880761836,,,,,,,,,,38027.8109162648,,30680.3921763102,,22555.403523763,,11654.1218350728,,2631.9379812876,-2758.048166275,-6690.629042844,-9879.3169034322,-12112.9333533541
MESSAGEix-GLOBIOM_GEI 1.0,SSP2_int_mc_50,World,Emissions|CO2|AFOLU,Mt CO2/yr,,,,,,,,,,,5198.6340774,,,,,5148.8247445747,,,,,5380.4300650756,,,,,,,,,,4444.0853045365,,2129.5352364347,,175.2861366107,,-1404.6559029397,,-3380.7044539342,-3494.7276014736,-4120.6417583171,-4850.947467497,-4225.8601706639
MESSAGEix-GLOBIOM_GEI 1.0,SSP2_noint_lc_15,World,Emissions|CO2|Energy and Industrial Processes,Mt CO2/yr,,,,,,,,,,,26469.2741035384,,,,,30784.2449476588,,,,,33161.5880761836,,,,,,,,,,38027.8109162648,,37184.9878158569,,35787.5717938741,,31528.1393178304,,21098.9650449753,9719.1696697871,3916.1722211838,-2182.4954428673,-6289.7242191037
MESSAGEix-GLOBIOM_GEI 1.0,SSP2_noint_lc_15,World,Emissions|CO2|AFOLU,Mt CO2/yr,,,,,,,,,,,5198.6340774,,,,,5148.8247445747,,,,,5380.4300650756,,,,,,,,,,4444.0853045365,,2684.2607710152,,946.8273438364,,-987.9295505962,,-2797.11790944,-3447.0961400716,-4196.0482149668,-5019.6853870267,-4453.6049766789
MESSAGEix-GLOBIOM_GEI 1.0,SSP2_noint_lc_50,World,Emissions|CO2|Energy and Industrial Processes,Mt CO2/yr,,,,,,,,,,,26469.2741035384,,,,,30784.2449476588,,,,,33161.5880761836,,,,,,,,,,38027.8109162648,,30863.4739430746,,23178.8644816081,,11767.1444485982,,3056.1229089101,-2518.3314533234,-6484.9635527929,-9673.4355413119,-11799.9005903101
MESSAGEix-GLOBIOM_GEI 1.0,SSP2_noint_lc_50,World,Emissions|CO2|AFOLU,Mt CO2/yr,,,,,,,,,,,5198.6340774,,,,,5148.8247445747,,,,,5380.4300650756,,,,,,,,,,4444.0853045365,,2125.0895560819,,170.7867680277,,-1397.0597786285,,-3377.1122349757,-3491.26241953,-4118.3027925903,-4849.4271621954,-4399.2715035718
MESSAGEix-GLOBIOM_GEI 1.0,SSP2_noint_mc_15,World,Emissions|CO2|Energy and Industrial Processes,Mt CO2/yr,,,,,,,,,,,26469.2741035384,,,,,30784.2449476588,,,,,33161.5880761836,,,,,,,,,,38027.8109162648,,37898.8078715007,,36811.2779693604,,30842.5455703735,,19656.6309833527,8826.1610323588,3028.6474281947,-2573.6880920728,-6336.1616493861
MESSAGEix-GLOBIOM_GEI 1.0,SSP2_noint_mc_15,World,Emissions|CO2|AFOLU,Mt CO2/yr,,,,,,,,,,,5198.6340774,,,,,5148.8247445747,,,,,5380.4300650756,,,,,,,,,,4444.0853045365,,2684.1045325931,,946.6103326902,,-988.5979399746,,-2797.4889330548,-3448.6407741897,-4182.777042308,-5008.8026930027,-4447.7207988968
MESSAGEix-GLOBIOM_GEI 1.0,SSP2_noint_mc_50,World,Emissions|CO2|Energy and Industrial Processes,Mt CO2/yr,,,,,,,,,,,26469.2741035384,,,,,30784.2449476588,,,,,33161.5880761836,,,,,,,,,,38027.8109162648,,30704.2595926921,,22796.42527771,,11770.2353159587,,2657.2686325709,-2669.0007859866,-6625.1765672366,-9866.6704700788,-12108.4645893669
MESSAGEix-GLOBIOM_GEI 1.0,SSP2_noint_mc_50,World,Emissions|CO2|AFOLU,Mt CO2/yr,,,,,,,,,,,5198.6340774,,,,,5148.8247445747,,,,,5380.4300650756,,,,,,,,,,4444.0853045365,,2128.5734133209,,175.2250590194,,-1406.0306507674,,-3381.536204839,-3495.1584890918,-4120.834257086,-4851.1448860822,-4226.0396870996
MESSAGEix-GLOBIOM_GEI 1.0,SSP2_openres_lc_100,World,Emissions|CO2|Energy and Industrial Processes,Mt CO2/yr,,,,,,,,,,,26469.2741035384,,,,,30784.2449476588,,,,,33161.5880761836,,,,,,,,,,38027.8109162648,,27424.2272065185,,17416.5345685622,,7268.8780341184,,-1294.8371368066,-6291.2873705624,-9301.7900810523,-11265.8762903741,-12792.9581957816
MESSAGEix-GLOBIOM_GEI 1.0,SSP2_openres_lc_100,World,Emissions|CO2|AFOLU,Mt CO2/yr,,,,,,,,,,,5198.6340774,,,,,5148.8247445747,,,,,5380.4300650756,,,,,,,,,,4444.0853045365,,1989.9581126916,,139.5341598834,,-1474.0824684815,,-3581.7289913385,-3345.9133900817,-4158.6984967255,-4970.0671154377,-4533.5569876003
MESSAGEix-GLOBIOM_GEI 1.0,SSP2_openres_lc_120,World,Emissions|CO2|Energy and Industrial Processes,Mt CO2/yr,,,,,,,,,,,26469.2741035384,,,,,30784.2449476588,,,,,33161.5880761836,,,,,,,,,,38027.8109162648,,26613.2568398413,,16356.5749246523,,6354.4506439328,,-2413.085285661,-7146.188889589,-9738.4805630292,-11500.9059791222,-12912.6664402411
MESSAGEix-GLOBIOM_GEI 1.0,SSP2_openres_lc_120,World,Emissions|CO2|AFOLU,Mt CO2/yr,,,,,,,,,,,5198.6340774,,,,,5148.8247445747,,,,,5380.4300650756,,,,,,,,,,4444.0853045365,,2024.4489838128,,201.1151511933,,-1463.7423432718,,-3352.4073319776,-3228.9383148858,-4181.6427096258,-5015.8817961828,-4554.8105946324
MESSAGEix-GLOBIOM_GEI 1.0,SSP2_openres_lc_15,World,Emissions|CO2|Energy and Industrial Processes,Mt CO2/yr,,,,,,,,,,,26469.2741035384,,,,,30784.2449476588,,,,,33161.5880761836,,,,,,,,,,38027.8109162648,,37035.5603129069,,34907.2514444987,,30072.3286031087,,20323.8209212621,9039.4218292236,3159.7577800751,-2568.4716355006,-6435.0022203128
MESSAGEix-GLOBIOM_GEI 1.0,SSP2_openres_lc_15,World,Emissions|CO2|AFOLU,Mt CO2/yr,,,,,,,,,,,5198.6340774,,,,,5148.8247445747,,,,,5380.4300650756,,,,,,,,,,4444.0853045365,,2684.1998804091,,946.738225538,,-988.1052991737,,-2797.220775722,-3447.1668435232,-4196.0999334925,-5019.7222369643,-4453.6786278035
MESSAGEix-GLOBIOM_GEI 1.0,SSP2_openres_lc_50,World,Emissions|CO2|Energy and Industrial Processes,Mt CO2/yr,,,,,,,,,,,26469.2741035384,,,,,30784.2449476588,,,,,33161.5880761836,,,,,,,,,,38027.8109162648,,29576.9006239245,,23417.9348793237,,14205.6260417637,,5650.7960003952,156.0698816314,-3251.1758632099,-5877.9586466555,-7202.3332404825
MESSAGEix-GLOBIOM_GEI 1.0,SSP2_openres_lc_50,World,Emissions|CO2|AFOLU,Mt CO2/yr,,,,,,,,,,,5198.6340774,,,,,5148.8247445747,,,,,5380.4300650756,,,,,,,,,,4444.0853045365,,2136.0083218088,,170.6587157758,,-1482.5177743152,,-3457.4195394644,-3856.1675923953,-4807.7630723719,-5864.9987644879,-5530.4830200721
MESSAGEix-GLOBIOM_GEI 1.0,SSP2_openres_lc_80,World,Emissions|CO2|Energy and Industrial Processes,Mt CO2/yr,,,,,,,,,,,26469.2741035384,,,,,30784.2449476588,,,,,33161.5880761836,,,,,,,,,,38027.8109162648,,27971.9219621769,,18531.0980532612,,8610.0128548306,,-20.5366259018,-5426.1079026415,-8706.3454396724,-10978.8708022102,-12637.6528746904
MESSAGEix-GLOBIOM_GEI 1.0,SSP2_openres_lc_80,World,Emissions|CO2|AFOLU,Mt CO2/yr,,,,,,,,,,,5198.6340774,,,,,5148.8247445747,,,,,5380.4300650756,,,,,,,,,,4444.0853045365,,1985.1752282885,,165.3117847375,,-1464.6658276717,,-3514.9320600588,-3296.603374842,-4116.1955996835,-4911.652477819,-4455.9159183903
MESSAGEix-GLOBIOM_GEI 1.0,SSP2_openres_lc_CB400,World,Emissions|CO2|Energy and Industrial Processes,Mt CO2/yr,,,,,,,,,,,26469.2741035384,,,,,30784.2449476588,,,,,33161.5880761836,,,,,,,,,,38027.8109162648,,23536.7006853281,,12773.3838064464,,3538.2832156701,,-4990.2533306746,-8792.7972603336,-10610.2318471406,-12477.2670936436,-13583.9583489339
MESSAGEix-GLOBIOM_GEI 1.0,SSP2_openres_lc_CB400,World,Emissions|CO2|AFOLU,Mt CO2/yr,,,,,,,,,,,5198.6340774,,,,,5148.8247445747,,,,,5380.4300650756,,,,,,,,,,4444.0853045365,,1942.4934131923,,434.1485697735,,-1524.5230143124,,-3476.9608846603,-3383.0050511791,-4224.2843894844,-4636.8904282812,-4747.7403176719
MESSAGEix-GLOBIOM_GEI 1.0,SSP2_openres_lc_CB450,World,Emissions|CO2|Energy and Industrial Processes,Mt CO2/yr,,,,,,,,,,,26469.2741035384,,,,,30784.2449476588,,,,,33161.5880761836,,,,,,,,,,38027.8109162648,,23810.7217953352,,13081.5827769008,,3710.132301717,,-4751.8119848908,-8692.7690250133,-10467.5663629888,-12400.6340272933,-13481.6738349781
MESSAGEix-GLOBIOM_GEI 1.0,SSP2_openres_lc_CB450,World,Emissions|CO2|AFOLU,Mt CO2/yr,,,,,,,,,,,5198.6340774,,,,,5148.8247445747,,,,,5380.4300650756,,,,,,,,,,4444.0853045365,,1940.5981389402,,436.2477472337,,-1483.1452667794,,-3486.7356701155,-3378.1998380628,-4270.5479148048,-4646.4604925733,-4707.2612591139
MESSAGEix-GLOBIOM_GEI 1.0,SSP2_openres_lc_CB500,World,Emissions|CO2|Energy and Industrial Processes,Mt CO2/yr,,,,,,,,,,,26469.2741035384,,,,,30784.2449476588,,,,,33161.5880761836,,,,,,,,,,38027.8109162648,,23995.5235943957,,13470.2713939894,,3977.682323363,,-4571.2875574268,-8613.7922937164,-10427.4569498584,-12387.7424110041,-13471.7115619758
MESSAGEix-GLOBIOM_GEI 1.0,SSP2_openres_lc_CB500,World,Emissions|CO2|AFOLU,Mt CO2/yr,,,,,,,,,,,5198.6340774,,,,,5148.8247445747,,,,,5380.4300650756,,,,,,,,,,4444.0853045365,,1937.3890753836,,433.0988643685,,-1463.6724923616,,-3469.44079789,-3337.6395365736,-4266.1327843814,-4632.7432606022,-4700.9909512399
MESSAGEix-GLOBIOM_GEI 1.0,SSP2_openres_lc_CB550,World,Emissions|CO2|Energy and Industrial Processes,Mt CO2/yr,,,,,,,,,,,26469.2741035384,,,,,30784.2449476588,,,,,33161.5880761836,,,,,,,,,,38027.8109162648,,24100.0548779585,,13923.1328077418,,4291.4496470079,,-4315.4772720162,-8459.7242489162,-10370.5469398284,-12360.8132453465,-13408.8656992692
MESSAGEix-GLOBIOM_GEI 1.0,SSP2_openres_lc_CB550,World,Emissions|CO2|AFOLU,Mt CO2/yr,,,,,,,,,,,5198.6340774,,,,,5148.8247445747,,,,,5380.4300650756,,,,,,,,,,4444.0853045365,,1931.0814268689,,402.6460190438,,-1463.130333493,,-3444.082596306,-3290.5893116164,-4262.7689015052,-4635.4568759741,-4717.4145046081
MESSAGEix-GLOBIOM_GEI 1.0,SSP2_openres_lc_CB600,World,Emissions|CO2|Energy and Industrial Processes,Mt CO2/yr,,,,,,,,,,,26469.2741035384,,,,,30784.2449476588,,,,,33161.5880761836,,,,,,,,,,38027.8109162648,,24246.1301057331,,14286.5761425791,,4570.4977016356,,-4096.2753144429,-8337.5600024316,-10318.6749006773,-11991.887552176,-13191.0491879255
MESSAGEix-GLOBIOM_GEI 1.0,SSP2_openres_lc_CB600,World,Emissions|CO2|AFOLU,Mt CO2/yr,,,,,,,,,,,5198.6340774,,,,,5148.8247445747,,,,,5380.4300650756,,,,,,,,,,4444.0853045365,,1927.0370671364,,423.6566674393,,-1445.9866028205,,-3429.711595749,-3275.5441627813,-4253.1144428844,-5020.1044249375,-4838.3995824584
MESSAGEix-GLOBIOM_GEI 1.0,SSP2_openres_mc_15,World,Emissions|CO2|Energy and Industrial Processes,Mt CO2/yr,,,,,,,,,,,26469.2741035384,,,,,30784.2449476588,,,,,33161.5880761836,,,,,,,,,,38027.8109162648,,37793.2385559082,,36496.7494710286,,30010.8375956217,,19190.1936941147,8590.4633954366,3029.825981458,-2583.6077782313,-6385.3281043371
MESSAGEix-GLOBIOM_GEI 1.0,SSP2_openres_mc_15,World,Emissions|CO2|AFOLU,Mt CO2/yr,,,,,,,,,,,5198.6340774,,,,,5148.8247445747,,,,,5380.4300650756,,,,,,,,,,4444.0853045365,,2683.7815663549,,946.1018232904,,-989.5475249647,,-2798.1234777822,-3448.7719965206,-4181.6521642781,-5007.8816120486,-4447.1087476495
MESSAGEix-GLOBIOM_GEI 1.0,SSP2_openres_mc_50,World,Emissions|CO2|Energy and Industrial Processes,Mt CO2/yr,,,,,,,,,,,26469.2741035384,,,,,30784.2449476588,,,,,33161.5880761836,,,,,,,,,,38027.8109162648,,30163.1296641032,,22352.6890538534,,11566.500289917,,2429.5564786593,-2873.0820620855,-6859.0556366444,-10008.0103751818,-12149.1143976148
MESSAGEix-GLOBIOM_GEI 1.0,SSP2_openres_mc_50,World,Emissions|CO2|AFOLU,Mt CO2/yr,,,,,,,,,,,5198.6340774,,,,,5148.8247445747,,,,,5380.4300650756,,,,,,,,,,4444.0853045365,,2128.2362082775,,174.5360095919,,-1406.1486725638,,-3381.1061117728,-3494.7863908676,-4120.7784917314,-4851.1481203305,-4275.2346309115
REMIND 2.1,CEMICS_GDPgrowth_1p5,World,Emissions|CO2|Energy and Industrial Processes,Mt CO2/yr,,,,,,,,,,,,,,,,30505.4542,,,,,33285.0803,,,,,34835.0221,,,,,35221.1041,28897.6776,22230.8086,16291.6039,11299.5069,7080.1004,2699.2461,-602.9165,-3072.641,-6403.2076,-7912.5473,-8340.6883,-8879.8795
REMIND 2.1,CEMICS_GDPgrowth_1p5,World,Emissions|CO2|AFOLU,Mt CO2/yr,,,,,,,,,,,,,,,,3773.0367,,,,,4037.5133,,,,,3990.6167,,,,,3853.41,1096.5533,143.0733,-198.99,-151.47,-79.1267,-72.8567,-72.8933,-63.03,-99.22,-197.5967,-278.41,-266.3467
REMIND 2.1,CEMICS_GDPgrowth_2C,World,Emissions|CO2|Energy and Industrial Processes,Mt CO2/yr,,,,,,,,,,,,,,,,30505.4542,,,,,33285.0803,,,,,34835.0221,,,,,35221.1041,32549.5301,29606.2571,24824.972,20092.3577,16497.9149,13362.6669,10435.8792,7766.0732,3777.1291,1074.3159,-565.1294,-1907.3656
REMIND 2.1,CEMICS_GDPgrowth_2C,World,Emissions|CO2|AFOLU,Mt CO2/yr,,,,,,,,,,,,,,,,3773.0367,,,,,4037.5133,,,,,3990.6167,,,,,3853.41,1096.5533,143.0733,-198.99,-151.47,-79.1267,-72.8567,-72.8933,-63.03,-99.22,-197.5967,-278.41,-266.3467
REMIND 2.1,CEMICS_HotellingConst_1p5,World,Emissions|CO2|Energy and Industrial Processes,Mt CO2/yr,,,,,,,,,,,,,,,,30505.4542,,,,,33285.0803,,,,,34835.0221,,,,,35221.1041,30390.1732,24503.891,17325.1795,10914.4032,5630.2963,414.156,-3403.6585,-6116.046,-9189.7604,-9823.1536,-9054.5774,-8578.5668
REMIND 2.1,CEMICS_HotellingConst_1p5,World,Emissions|CO2|AFOLU,Mt CO2/yr,,,,,,,,,,,,,,,,3773.0367,,,,,4037.5133,,,,,3990.6167,,,,,3853.41,1096.5533,143.0733,-198.99,-151.47,-79.1267,-72.8567,-72.8933,-63.03,-99.22,-197.5967,-278.41,-266.3467
REMIND 2.1,CEMICS_HotellingConst_2C,World,Emissions|CO2|Energy and Industrial Processes,Mt CO2/yr,,,,,,,,,,,,,,,,30505.4542,,,,,33285.0803,,,,,34835.0221,,,,,35221.1041,34776.7378,33540.777,28885.8318,23145.6494,17897.5182,13257.4056,9211.7484,5471.6149,-705.4212,-3400.8663,-3440,-3510.0034
REMIND 2.1,CEMICS_HotellingConst_2C,World,Emissions|CO2|AFOLU,Mt CO2/yr,,,,,,,,,,,,,,,,3773.0367,,,,,4037.5133,,,,,3990.6167,,,,,3853.41,1096.5533,143.0733,-198.99,-151.47,-79.1267,-72.8567,-72.8933,-63.03,-99.22,-197.5967,-278.41,-266.3467
REMIND 2.1,CEMICS_Linear_1p5,World,Emissions|CO2|Energy and Industrial Processes,Mt CO2/yr,,,,,,,,,,,,,,,,30505.4542,,,,,33285.0803,,,,,34835.0221,,,,,35221.1041,29486.2893,23202.3039,16489.748,10930.4824,6444.1099,2015.2271,-1183.7496,-3556.7986,-6986.8571,-8581.0967,-8810.0413,-9101.9047
REMIND 2.1,CEMICS_Linear_1p5,World,Emissions|CO2|AFOLU,Mt CO2/yr,,,,,,,,,,,,,,,,3773.0367,,,,,4037.5133,,,,,3990.6167,,,,,3853.41,1096.5533,143.0733,-198.99,-151.47,-79.1267,-72.8567,-72.8933,-63.03,-99.22,-197.5967,-278.41,-266.3467
REMIND 2.1,CEMICS_Linear_2C,World,Emissions|CO2|Energy and Industrial Processes,Mt CO2/yr,,,,,,,,,,,,,,,,30505.4542,,,,,33285.0803,,,,,34835.0221,,,,,35221.1041,34510.3102,32588.4469,26403.6991,20740.5849,16154.09,12533.8366,9525.268,6839.6763,2465.6172,-318.7691,-1737.954,-3049.9353
REMIND 2.1,CEMICS_Linear_2C,World,Emissions|CO2|AFOLU,Mt CO2/yr,,,,,,,,,,,,,,,,3773.0367,,,,,4037.5133,,,,,3990.6167,,,,,3853.41,1096.5533,143.0733,-198.99,-151.47,-79.1267,-72.8567,-72.8933,-63.03,-99.22,-197.5967,-278.41,-266.3467
REMIND 2.1,CEMICS_NPI,World,Emissions|CO2|Energy and Industrial Processes,Mt CO2/yr,,,,,,,,,,,,,,,,30505.4542,,,,,33285.0803,,,,,34835.0221,,,,,35221.1041,36976.1672,39600.9709,41726.7401,42887.9538,44491.3869,46277.5516,48054.3119,49860.9988,52800.4784,53708.8884,50408.1952,45388.5461
REMIND 2.1,CEMICS_NPI,World,Emissions|CO2|AFOLU,Mt CO2/yr,,,,,,,,,,,,,,,,3773.0367,,,,,4037.5133,,,,,3990.6167,,,,,3853.41,5670.94,5560.5733,4727.58,3762.8433,3244.7067,3335.7867,3874.6033,4315.74,3943.83,2697.1633,1380.5,641.41
REMIND 2.1,CEMICS_opt_1p5,World,Emissions|CO2|Energy and Industrial Processes,Mt CO2/yr,,,,,,,,,,,,,,,,30505.4542,,,,,33285.0803,,,,,34835.0221,,,,,35221.1041,29847.7194,23542.5912,16308.5901,10055.689,5254.1816,1536.9844,120.9261,99.5742,104.8409,177.0126,335.7002,287.7378
REMIND 2.1,CEMICS_opt_1p5,World,Emissions|CO2|AFOLU,Mt CO2/yr,,,,,,,,,,,,,,,,3773.0367,,,,,4037.5133,,,,,3990.6167,,,,,3853.41,1096.5533,143.0733,-198.99,-151.47,-79.1267,-72.8567,-72.8933,-63.03,-99.22,-197.5967,-278.41,-266.3467
REMIND 2.1,CEMICS_opt_2C,World,Emissions|CO2|Energy and Industrial Processes,Mt CO2/yr,,,,,,,,,,,,,,,,30505.4542,,,,,33285.0803,,,,,34835.0221,,,,,35221.1041,34641.5603,33037.3456,27869.6658,22224.7679,17289.6139,12844.5466,8991.7418,5463.1134,852.8226,198.5538,284.1629,274.7384
REMIND 2.1,CEMICS_opt_2C,World,Emissions|CO2|AFOLU,Mt CO2/yr,,,,,,,,,,,,,,,,3773.0367,,,,,4037.5133,,,,,3990.6167,,,,,3853.41,1096.5533,143.0733,-198.99,-151.47,-79.1267,-72.8567,-72.8933,-63.03,-99.22,-197.5967,-278.41,-266.3467
REMIND 2.1,LeastTotalCost_Base_brkLR15_SSP2_P50,World,Emissions|CO2|Energy and Industrial Processes,Mt CO2/yr,,,,,,,,,,,,,,,,30505.4542,,,,,33272.8779,,,,,35008.8811,,,,,36613.5056,39433.4949,43407.1534,46371.3165,47848.7962,49444.9523,50847.8832,52269.6214,53150.2959,52749.9952,50192.9755,45310.2278,40388.1859
REMIND 2.1,LeastTotalCost_Base_brkLR15_SSP2_P50,World,Emissions|CO2|AFOLU,Mt CO2/yr,,,,,,,,,,,,,,,,3773.0367,,,,,4037.5133,,,,,3999.3433,,,,,3870.57,4434.76,4529.14,4432.5967,4243.5067,4166.5067,4227.2267,4328.1333,4288.7167,3717.8167,2500.4467,1221.77,450.4133
REMIND 2.1,LeastTotalCost_Base_brkSR15_SSP2_P50,World,Emissions|CO2|Energy and Industrial Processes,Mt CO2/yr,,,,,,,,,,,,,,,,30505.4542,,,,,33302.9347,,,,,35029.5926,,,,,36627.5866,39431.4675,43525.4839,46714.5963,48512.0941,50575.5138,52460.4236,54163.0558,55241.1318,55082.2138,52214.9631,46498.2601,40742.9583
REMIND 2.1,LeastTotalCost_Base_brkSR15_SSP2_P50,World,Emissions|CO2|AFOLU,Mt CO2/yr,,,,,,,,,,,,,,,,3773.0367,,,,,4037.5133,,,,,3999.3433,,,,,3870.57,4434.76,4529.14,4432.5967,4243.5067,4166.5067,4227.2267,4328.1333,4288.7167,3717.8167,2500.4467,1221.77,450.4133
REMIND 2.1,LeastTotalCost_CBA_brkLR15_SSP2_P50,World,Emissions|CO2|Energy and Industrial Processes,Mt CO2/yr,,,,,,,,,,,,,,,,30505.4542,,,,,33284.1616,,,,,34823.9137,,,,,35198.894,29916.8338,25182.4265,20128.1292,16348.1135,13513.2526,10408.5949,7521.7497,5120.7484,1902.998,-24.6246,-1642.3384,-3923.7549
REMIND 2.1,LeastTotalCost_CBA_brkLR15_SSP2_P50,World,Emissions|CO2|AFOLU,Mt CO2/yr,,,,,,,,,,,,,,,,3773.0367,,,,,4037.5133,,,,,3990.6167,,,,,3853.41,1096.5533,143.0733,-198.99,-151.47,-79.1267,-72.8567,-72.8933,-63.03,-99.22,-197.5967,-278.41,-266.3467
REMIND 2.1,LeastTotalCost_CBA_brkSR15_SSP2_P50,World,Emissions|CO2|Energy and Industrial Processes,Mt CO2/yr,,,,,,,,,,,,,,,,30505.4542,,,,,33284.1616,,,,,34823.9137,,,,,35198.894,33474.8705,31569.2413,26822.8802,22056.7328,18595.1981,15937.2381,13378.7318,11008.2743,7199.2202,4354.0019,2430.1941,629.9864
REMIND 2.1,LeastTotalCost_CBA_brkSR15_SSP2_P50,World,Emissions|CO2|AFOLU,Mt CO2/yr,,,,,,,,,,,,,,,,3773.0367,,,,,4037.5133,,,,,3990.6167,,,,,3853.41,1096.5533,143.0733,-198.99,-151.47,-79.1267,-72.8567,-72.8933,-63.03,-99.22,-197.5967,-278.41,-266.3467
REMIND 2.1,LeastTotalCost_CEA_brkLR15_SSP2_P50,World,Emissions|CO2|Energy and Industrial Processes,Mt CO2/yr,,,,,,,,,,,,,,,,30505.4542,,,,,33284.1616,,,,,34823.9137,,,,,35198.894,34534.7157,32898.9529,28201.8083,22343.3056,17464.81,12932.3789,8834.8149,5405.3365,1067.0249,137.6344,272.652,317.1706
REMIND 2.1,LeastTotalCost_CEA_brkLR15_SSP2_P50,World,Emissions|CO2|AFOLU,Mt CO2/yr,,,,,,,,,,,,,,,,3773.0367,,,,,4037.5133,,,,,3990.6167,,,,,3853.41,1096.5533,143.0733,-198.99,-151.47,-79.1267,-72.8567,-72.8933,-63.03,-99.22,-197.5967,-278.41,-266.3467
REMIND 2.1,LeastTotalCost_CEA_brkSR15_SSP2_P50,World,Emissions|CO2|Energy and Industrial Processes,Mt CO2/yr,,,,,,,,,,,,,,,,30505.4542,,,,,33284.1616,,,,,34823.9137,,,,,35198.894,34484.0764,32864.6867,28251.1653,22500.4056,17688.0405,13042.8991,8939.7886,5366.8032,963.5337,218.9599,377.6137,429.6209
REMIND 2.1,LeastTotalCost_CEA_brkSR15_SSP2_P50,World,Emissions|CO2|AFOLU,Mt CO2/yr,,,,,,,,,,,,,,,,3773.0367,,,,,4037.5133,,,,,3990.6167,,,,,3853.41,1096.5533,143.0733,-198.99,-151.47,-79.1267,-72.8567,-72.8933,-63.03,-99.22,-197.5967,-278.41,-266.3467
REMIND 2.1,LeastTotalCost_LTC_brkLR15_SSP2_P50,World,Emissions|CO2|Energy and Industrial Processes,Mt CO2/yr,,,,,,,,,,,,,,,,30505.4542,,,,,33284.1616,,,,,34823.9137,,,,,35198.894,29914.5524,25183.0221,20132.4177,16352.4395,13511.4173,10398.6708,7496.4515,5086.4434,1743.0224,-396.9105,-1902.6745,-4025.3938
REMIND 2.1,LeastTotalCost_LTC_brkLR15_SSP2_P50,World,Emissions|CO2|AFOLU,Mt CO2/yr,,,,,,,,,,,,,,,,3773.0367,,,,,4037.5133,,,,,3990.6167,,,,,3853.41,1096.5533,143.0733,-198.99,-151.47,-79.1267,-72.8567,-72.8933,-63.03,-99.22,-197.5967,-278.41,-266.3467
REMIND 2.1,LeastTotalCost_LTC_brkSR15_SSP2_P50,World,Emissions|CO2|Energy and Industrial Processes,Mt CO2/yr,,,,,,,,,,,,,,,,30505.4542,,,,,33284.1616,,,,,34823.9137,,,,,35198.894,32845.7826,30423.6822,25438.2822,20721.0924,17065.7212,13937.0463,10718.9294,7944.9613,3401.8074,262.8201,69.1864,-109.8434
REMIND 2.1,LeastTotalCost_LTC_brkSR15_SSP5_P50,World,Emissions|CO2|AFOLU,Mt CO2/yr,,,,,,,,,,,,,,,,3773.0367,,,,,4037.5133,,,,,3990.6167,,,,,3853.41,643.4633,319.77,353.5767,604.5233,788.6267,718.96,418.6967,75.4967,-191.1433,-399.8133,-557.9933,-632.5
REMIND 2.1,LeastTotalCost_NDC_brkLR15_SSP2_P50,World,Emissions|CO2|Energy and Industrial Processes,Mt CO2/yr,,,,,,,,,,,,,,,,30505.4542,,,,,33272.8779,,,,,34826.561,,,,,35198.5034,35668.3912,36192.681,34541.6651,31032.8805,28209.5126,25396.0151,22771.4523,20649.2791,16287.9096,13397.8483,11048.0377,9538.0008
REMIND 2.1,LeastTotalCost_NDC_brkLR15_SSP2_P50,World,Emissions|CO2|AFOLU,Mt CO2/yr,,,,,,,,,,,,,,,,3773.0367,,,,,4037.5133,,,,,3990.6167,,,,,3853.41,5670.94,5560.5733,4727.58,3762.8433,3244.7067,3335.7867,3874.6033,4315.74,3943.83,2697.1633,1380.5,641.41
REMIND 2.1,LeastTotalCost_NDC_brkSR15_SSP2_P50,World,Emissions|CO2|Energy and Industrial Processes,Mt CO2/yr,,,,,,,,,,,,,,,,30505.4542,,,,,33302.9347,,,,,34846.663,,,,,35182.481,35631.2786,36313.7925,34912.7677,31429.9941,28784.908,26167.4578,23742.6302,21705.7163,17306.6694,14192.5057,11292.9352,9264.2543
REMIND 2.1,LeastTotalCost_NDC_brkSR15_SSP2_P50,World,Emissions|CO2|AFOLU,Mt CO2/yr,,,,,,,,,,,,,,,,3773.0367,,,,,4037.5133,,,,,3990.6167,,,,,3853.41,5670.94,5560.5733,4727.58,3762.8433,3244.7067,3335.7867,3874.6033,4315.74,3943.83,2697.1633,1380.5,641.41
REMIND 2.1,LeastTotalCost_NPi_brkLR15_SSP2_P50,World,Emissions|CO2|Energy and Industrial Processes,Mt CO2/yr,,,,,,,,,,,,,,,,30505.4542,,,,,33272.8779,,,,,34826.561,,,,,35198.5034,36865.2164,39347.7729,41057.6252,41484.2479,42259.3881,42948.65,43732.7842,44707.4902,46124.7049,45796.1498,42320.9031,37446.8496
REMIND 2.1,LeastTotalCost_NPi_brkLR15_SSP2_P50,World,Emissions|CO2|AFOLU,Mt CO2/yr,,,,,,,,,,,,,,,,3773.0367,,,,,4037.5133,,,,,3990.6167,,,,,3853.41,5670.94,5560.5733,4727.58,3762.8433,3244.7067,3335.7867,3874.6033,4315.74,3943.83,2697.1633,1380.5,641.41
REMIND 2.1,LeastTotalCost_NPi_brkSR15_SSP2_P50,World,Emissions|CO2|Energy and Industrial Processes,Mt CO2/yr,,,,,,,,,,,,,,,,30505.4542,,,,,33302.9347,,,,,34846.663,,,,,35182.481,36850.5641,39433.5069,41470.8352,42185.5719,43261.1491,44228.2256,45123.4527,46117.6733,47556.3826,47008.5128,42989.9075,37563.1712
REMIND 2.1,LeastTotalCost_NPi_brkSR15_SSP2_P50,World,Emissions|CO2|AFOLU,Mt CO2/yr,,,,,,,,,,,,,,,,3773.0367,,,,,4037.5133,,,,,3990.6167,,,,,3853.41,5670.94,5560.5733,4727.58,3762.8433,3244.7067,3335.7867,3874.6033,4315.74,3943.83,2697.1633,1380.5,641.41
REMIND 2.1,R2p1_SSP1-Base,World,Emissions|CO2|Energy and Industrial Processes,Mt CO2/yr,,,,,,,,,,,,,,,,29686.1817,,,,,32779.9033,,,,,34483.9942,,,,,35814.7801,37519.649,40431.4894,42318.0326,41466.2486,39210.0684,35406.382,31574.1535,29152.4279,24372.2671,20252.3417,16554.9423,13657.6208
REMIND 2.1,R2p1_SSP1-Base,World,Emissions|CO2|AFOLU,Mt CO2/yr,,,,,,,,,,,,,,,,4124.8167,,,,,4622.2,,,,,4591.51,,,,,4297.6633,3053.6,2725.6167,2474.7433,2095.39,1477.74,914.32,576.73,256.3367,-215.0133,-747.45,-1144.9167,-1272.1133
REMIND 2.1,R2p1_SSP1-NDC,World,Emissions|CO2|Energy and Industrial Processes,Mt CO2/yr,,,,,,,,,,,,,,,,29686.1817,,,,,32772.067,,,,,34408.1507,,,,,34924.6498,33895.2586,33319.5438,31385.1546,27344.0701,23490.7681,20296.4914,17796.7609,15585.2992,11347.8966,7956.6075,5604.9557,3866.3619
REMIND 2.1,R2p1_SSP1-NDC,World,Emissions|CO2|AFOLU,Mt CO2/yr,,,,,,,,,,,,,,,,4015.88,,,,,4436.7767,,,,,4501.4933,,,,,4377.8167,3789.83,3184.5367,2520.3933,1815.2567,1043.46,455.6933,176.33,-31.2033,-370.7733,-785.62,-1100.55,-1195.0033
REMIND 2.1,R2p1_SSP1-NPi,World,Emissions|CO2|Energy and Industrial Processes,Mt CO2/yr,,,,,,,,,,,,,,,,29686.1817,,,,,32772.067,,,,,34408.1507,,,,,34924.6498,35140.7568,36171.6275,36896.2428,35921.8155,33738.0193,31188.5484,28507.1981,25832.4341,21498.1721,17737.4561,14391.4622,11578.1596
REMIND 2.1,R2p1_SSP1-NPi,World,Emissions|CO2|AFOLU,Mt CO2/yr,,,,,,,,,,,,,,,,4015.88,,,,,4436.7767,,,,,4501.4933,,,,,4377.8167,3789.83,3184.5367,2520.3933,1815.2567,1043.46,455.6933,176.33,-31.2033,-370.7733,-785.62,-1100.55,-1195.0033
REMIND 2.1,R2p1_SSP1-PkBudg1100,World,Emissions|CO2|Energy and Industrial Processes,Mt CO2/yr,,,,,,,,,,,,,,,,29686.1817,,,,,32772.067,,,,,34408.1507,,,,,34924.6498,30705.6718,27299.4195,21781.9883,15756.8333,11575.8291,7983.1497,5417.7373,3112.9402,-507.9439,-2367.5025,-3282.9551,-3800.9497
REMIND 2.1,R2p1_SSP1-PkBudg1100,World,Emissions|CO2|AFOLU,Mt CO2/yr,,,,,,,,,,,,,,,,4015.88,,,,,4436.7767,,,,,4501.4933,,,,,4377.8167,1579.9667,802.7433,383.1667,219.78,157.2267,132.44,53.8633,-172.2233,-558.47,-1033.7067,-1461.46,-1706.6867
REMIND 2.1,R2p1_SSP1-PkBudg1300,World,Emissions|CO2|Energy and Industrial Processes,Mt CO2/yr,,,,,,,,,,,,,,,,29686.1817,,,,,32772.067,,,,,34408.1507,,,,,34924.6498,32501.4726,30549.907,26567.4134,20207.4185,15366.2437,11991.1103,9678.7652,7462.8225,3681.0254,935.8468,-744.5519,-1935.1674
REMIND 2.1,R2p1_SSP1-PkBudg1300,World,Emissions|CO2|AFOLU,Mt CO2/yr,,,,,,,,,,,,,,,,4015.88,,,,,4436.7767,,,,,4501.4933,,,,,4377.8167,1579.9667,802.7433,383.1667,219.78,157.2267,132.44,53.8633,-172.2233,-558.47,-1033.7067,-1461.46,-1706.6867
REMIND 2.1,R2p1_SSP1-PkBudg900,World,Emissions|CO2|Energy and Industrial Processes,Mt CO2/yr,,,,,,,,,,,,,,,,29686.1817,,,,,32772.067,,,,,34408.1507,,,,,34924.6498,28225.7617,22478.9455,16209.9731,10550.939,5984.5517,1938.6028,-547.3984,-2262.5163,-4065.033,-4633.1651,-5080.6673,-5661.9134
REMIND 2.1,R2p1_SSP1-PkBudg900,World,Emissions|CO2|AFOLU,Mt CO2/yr,,,,,,,,,,,,,,,,4015.88,,,,,4436.7767,,,,,4501.4933,,,,,4377.8167,1390.6567,482.9,52.8733,13.7867,100.54,112.2367,-102.3733,-560.5967,-1133.9167,-1671.0467,-2070.75,-2287.7067
REMIND 2.1,R2p1_SSP2-Base,World,Emissions|CO2|Energy and Industrial Processes,Mt CO2/yr,,,,,,,,,,,,,,,,29686.1817,,,,,32772.067,,,,,34633.5169,,,,,36304.7194,39056.931,42763.9675,45432.9797,46785.4037,48447.6707,50243.1787,51809.5896,52921.7134,53635.1353,53065.0868,50718.5607,48063.0133
REMIND 2.1,R2p1_SSP2-Base,World,Emissions|CO2|AFOLU,Mt CO2/yr,,,,,,,,,,,,,,,,4015.88,,,,,4436.7767,,,,,4489.5033,,,,,4377.0833,3605.2867,3732.19,3864.0067,3872.66,3863.8967,4000.6633,4290.5867,4425.9967,3921.3533,2713.4433,1389.52,528.7333
REMIND 2.1,R2p1_SSP2-NDC,World,Emissions|CO2|Energy and Industrial Processes,Mt CO2/yr,,,,,,,,,,,,,,,,29686.1817,,,,,32772.067,,,,,34408.1507,,,,,34924.6498,35124.9167,35015.1376,32823.1148,28991.9947,26332.0341,23927.1524,21810.8826,20359.7688,17521.3486,15767.9804,14017.2716,12491.4906
REMIND 2.1,R2p1_SSP2-NDC,World,Emissions|CO2|AFOLU,Mt CO2/yr,,,,,,,,,,,,,,,,4015.88,,,,,4436.7767,,,,,4501.4933,,,,,4377.8167,4905.5967,4924.9567,4403.2267,3727.0567,3342.0933,3340.6267,3665.7133,4067.6167,3893.56,2774.53,1340.6067,459.1767
REMIND 2.1,R2p1_SSP2-NPi,World,Emissions|CO2|Energy and Industrial Processes,Mt CO2/yr,,,,,,,,,,,,,,,,29686.1817,,,,,32772.067,,,,,34408.1507,,,,,34924.6498,36606.545,38987.2598,40570.0014,41073.4941,41737.9099,42458.816,43190.6391,43980.0008,46062.1819,48043.2369,47426.049,45101.4933
REMIND 2.1,R2p1_SSP2-NPi,World,Emissions|CO2|AFOLU,Mt CO2/yr,,,,,,,,,,,,,,,,4015.88,,,,,4436.7767,,,,,4501.4933,,,,,4377.8167,4905.5967,4924.9567,4403.2267,3727.0567,3342.0933,3340.6267,3665.7133,4067.6167,3893.56,2774.53,1340.6067,459.1767
REMIND 2.1,R2p1_SSP2-PkBudg1100,World,Emissions|CO2|Energy and Industrial Processes,Mt CO2/yr,,,,,,,,,,,,,,,,29686.1817,,,,,32772.067,,,,,34408.1507,,,,,34924.6498,32391.6434,29018.7768,22961.4942,16450.5516,11728.7818,7398.1294,4426.3495,2279.957,-501.5222,-1423.86,-1835.4088,-2897.6767
REMIND 2.1,R2p1_SSP2-PkBudg1100,World,Emissions|CO2|AFOLU,Mt CO2/yr,,,,,,,,,,,,,,,,4015.88,,,,,4436.7767,,,,,4501.4933,,,,,4377.8167,997.2967,93.6467,-248.71,-217.8733,-131.6333,-95.2233,-91.3,-111.0633,-178.3467,-275.1467,-319.55,-262.4967
REMIND 2.1,R2p1_SSP2-PkBudg1300,World,Emissions|CO2|Energy and Industrial Processes,Mt CO2/yr,,,,,,,,,,,,,,,,29686.1817,,,,,32772.067,,,,,34408.1507,,,,,34924.6498,33730.4976,31592.6968,26467.734,20394.5027,15464.9995,11616.606,8599.4999,6192.4105,3179.5663,1790.0373,975.1369,11.0019
REMIND 2.1,R2p1_SSP2-PkBudg1300,World,Emissions|CO2|AFOLU,Mt CO2/yr,,,,,,,,,,,,,,,,4015.88,,,,,4436.7767,,,,,4501.4933,,,,,4377.8167,997.2967,93.6467,-248.71,-217.8733,-131.6333,-95.2233,-91.3,-111.0633,-178.3467,-275.1467,-319.55,-262.4967
REMIND 2.1,R2p1_SSP2-PkBudg900,World,Emissions|CO2|Energy and Industrial Processes,Mt CO2/yr,,,,,,,,,,,,,,,,29686.1817,,,,,32772.067,,,,,34408.1507,,,,,34924.6498,29880.5236,23833.5964,16738.5727,10162.292,5286.4758,1153.3717,-980.6386,-2074.2381,-3185.552,-3576.4328,-4168.3766,-5226.8056
REMIND 2.1,R2p1_SSP2-PkBudg900,World,Emissions|CO2|AFOLU,Mt CO2/yr,,,,,,,,,,,,,,,,4015.88,,,,,4436.7767,,,,,4501.4933,,,,,4377.8167,936.65,-20.0933,-348.4433,-159.17,150.1133,253.99,73.0767,-222.0533,-438.2767,-515.6433,-484.1467,-396
REMIND 2.1,R2p1_SSP5-Base,World,Emissions|CO2|Energy and Industrial Processes,Mt CO2/yr,,,,,,,,,,,,,,,,29686.1817,,,,,32751.0784,,,,,34732.5773,,,,,37143.5773,42418.6337,51399.1872,60479.0642,67390.7638,74539.3039,82624.6938,90878.8271,98281.0247,109126.9459,111479.5319,104171.0053,94353.1225
REMIND 2.1,R2p1_SSP5-Base,World,Emissions|CO2|AFOLU,Mt CO2/yr,,,,,,,,,,,,,,,,4112.3133,,,,,4619.34,,,,,4614.83,,,,,4343.2767,3670.0767,3882.45,3965.2067,3547.94,2630.1367,1646.26,943.6533,512.0133,203.06,-61.4167,-272.8367,-386.65
REMIND 2.1,R2p1_SSP5-NDC,World,Emissions|CO2|Energy and Industrial Processes,Mt CO2/yr,,,,,,,,,,,,,,,,29686.1817,,,,,32772.067,,,,,34408.1507,,,,,34924.6498,36216.9118,41150.0991,45421.297,46523.9172,47271.9118,48079.0016,48678.6438,48409.6141,44753.6432,39257.9827,33535.6378,28959.9704
REMIND 2.1,R2p1_SSP5-NDC,World,Emissions|CO2|AFOLU,Mt CO2/yr,,,,,,,,,,,,,,,,4015.88,,,,,4436.7767,,,,,4501.4933,,,,,4377.8167,4682.48,4762.6333,4301.55,3353.24,2217.4167,1261.5533,674.4467,374.77,164.67,-86.2033,-338.2133,-466.4733
REMIND 2.1,R2p1_SSP5-NPi,World,Emissions|CO2|Energy and Industrial Processes,Mt CO2/yr,,,,,,,,,,,,,,,,29686.1817,,,,,32772.067,,,,,34408.1507,,,,,34924.6498,38239.937,45533.5792,53654.4465,60306.1705,67304.9422,74213.5772,80193.6211,85916.7115,95761.4209,100182.9865,96528.3192,88750.4592
REMIND 2.1,R2p1_SSP5-NPi,World,Emissions|CO2|AFOLU,Mt CO2/yr,,,,,,,,,,,,,,,,4015.88,,,,,4436.7767,,,,,4501.4933,,,,,4377.8167,4682.48,4762.6333,4301.55,3353.24,2217.4167,1261.5533,674.4467,374.77,164.67,-86.2033,-338.2133,-466.4733
REMIND 2.1,R2p1_SSP5-PkBudg1100,World,Emissions|CO2|Energy and Industrial Processes,Mt CO2/yr,,,,,,,,,,,,,,,,29686.1817,,,,,32772.067,,,,,34408.1507,,,,,34924.6498,31888.3544,29969.5401,24968.5745,17531.0785,11060.932,5054.1857,2151.3525,574.6559,167.04,276.0455,-90.5202,-1161.7928
REMIND 2.1,R2p1_SSP5-PkBudg1100,World,Emissions|CO2|AFOLU,Mt CO2/yr,,,,,,,,,,,,,,,,4015.88,,,,,4436.7767,,,,,4501.4933,,,,,4377.8167,1584.0367,766.15,455.4,549.34,669.7533,560.5233,241.12,-101.9333,-384.2667,-662.0533,-939.7667,-1130.9467
REMIND 2.1,R2p1_SSP5-PkBudg1300,World,Emissions|CO2|Energy and Industrial Processes,Mt CO2/yr,,,,,,,,,,,,,,,,29686.1817,,,,,32772.067,,,,,34408.1507,,,,,34924.6498,33416.2678,33568.7878,29484.6846,22655.4016,16192.065,10326.415,6611.1387,4238.3575,2028.1849,1319.3632,727.8981,-443.0709
REMIND 2.1,R2p1_SSP5-PkBudg1300,World,Emissions|CO2|AFOLU,Mt CO2/yr,,,,,,,,,,,,,,,,4015.88,,,,,4436.7767,,,,,4501.4933,,,,,4377.8167,1584.0367,766.15,455.4,549.34,669.7533,560.5233,241.12,-101.9333,-384.2667,-662.0533,-939.7667,-1130.9467
REMIND 2.1,R2p1_SSP5-PkBudg900,World,Emissions|CO2|Energy and Industrial Processes,Mt CO2/yr,,,,,,,,,,,,,,,,29686.1817,,,,,32772.067,,,,,34408.1507,,,,,34924.6498,29478.5718,24990.7556,18471.3445,10254.3068,4143.6853,-445.1027,-2068.9512,-2453.6047,-2749.5114,-2655.8133,-2989.7469,-4169.5015
REMIND 2.1,R2p1_SSP5-PkBudg900,World,Emissions|CO2|AFOLU,Mt CO2/yr,,,,,,,,,,,,,,,,4015.88,,,,,4436.7767,,,,,4501.4933,,,,,4377.8167,1306.25,530.7133,352.9167,471.57,442.2367,217.03,-62.6267,-348.7,-655.8567,-972.18,-1256.75,-1460.5067
REMIND 2.1,TechCost-SSP2-B1100-bioH,World,Emissions|CO2|Energy and Industrial Processes,Mt CO2/yr,,,,,,,,,,,,,,,,30505.4542,,,,,33276.524,,,,,34723.3668,,,,,35035.4943,32611.2746,29207.8827,23347.8799,16799.6019,11793.6363,7112.4956,3977.2664,1732.2487,-757.1429,-1382.25,-1746.0757,-3019.4853
REMIND 2.1,TechCost-SSP2-B1100-bioH,World,Emissions|CO2|AFOLU,Mt CO2/yr,,,,,,,,,,,,,,,,4015.88,,,,,4436.7767,,,,,4501.4933,,,,,4377.8167,997.2967,93.6467,-248.71,-217.8733,-131.6333,-95.2233,-91.3,-111.0633,-178.3467,-275.1467,-319.55,-262.4967
REMIND 2.1,TechCost-SSP2-B1100-ccsH,World,Emissions|CO2|Energy and Industrial Processes,Mt CO2/yr,,,,,,,,,,,,,,,,30505.4542,,,,,33276.524,,,,,34811.4057,,,,,35251.0158,32928.6089,29794.3797,23664.5515,16827.6053,11494.1766,6628.0808,3452.7664,1366.8618,-808.6777,-1273.6688,-1398.2028,-2567.8345
REMIND 2.1,TechCost-SSP2-B1100-ccsH,World,Emissions|CO2|AFOLU,Mt CO2/yr,,,,,,,,,,,,,,,,4015.88,,,,,4436.7767,,,,,4501.4933,,,,,4377.8167,997.2967,93.6467,-248.71,-217.8733,-131.6333,-95.2233,-91.3,-111.0633,-178.3467,-275.1467,-319.55,-262.4967
REMIND 2.1,TechCost-SSP2-B1100-coalH,World,Emissions|CO2|Energy and Industrial Processes,Mt CO2/yr,,,,,,,,,,,,,,,,30505.4542,,,,,33276.524,,,,,34961.306,,,,,35607.1819,32992.2411,29567.6568,23348.1954,16526.7316,11387.6512,6676.0835,3675.0091,1578.021,-731.8072,-1309.0768,-1802.9245,-3227.9252
REMIND 2.1,TechCost-SSP2-B1100-coalH,World,Emissions|CO2|AFOLU,Mt CO2/yr,,,,,,,,,,,,,,,,4015.88,,,,,4436.7767,,,,,4501.4933,,,,,4377.8167,997.2967,93.6467,-248.71,-217.8733,-131.6333,-95.2233,-91.3,-111.0633,-178.3467,-275.1467,-319.55,-262.4967
REMIND 2.1,TechCost-SSP2-B1100-elh2H,World,Emissions|CO2|Energy and Industrial Processes,Mt CO2/yr,,,,,,,,,,,,,,,,30505.4542,,,,,33276.524,,,,,34827.6839,,,,,35323.9616,32739.5373,28953.2508,22384.6552,15659.5054,11117.8001,7097.2131,4336.3669,2386.4868,185.651,-481.9725,-892.1109,-2313.6805
REMIND 2.1,TechCost-SSP2-B1100-elh2H,World,Emissions|CO2|AFOLU,Mt CO2/yr,,,,,,,,,,,,,,,,4015.88,,,,,4436.7767,,,,,4501.4933,,,,,4377.8167,997.2967,93.6467,-248.71,-217.8733,-131.6333,-95.2233,-91.3,-111.0633,-178.3467,-275.1467,-319.55,-262.4967
REMIND 2.1,TechCost-SSP2-B1100-gasH,World,Emissions|CO2|Energy and Industrial Processes,Mt CO2/yr,,,,,,,,,,,,,,,,30505.4542,,,,,33276.524,,,,,34809.788,,,,,35210.6157,32650.4202,29398.9184,23282.8818,16705.3897,11618.3663,6870.3376,3818.3083,1710.6586,-588.3054,-1165.6032,-1643.6277,-3073.7741
REMIND 2.1,TechCost-SSP2-B1100-gasH,World,Emissions|CO2|AFOLU,Mt CO2/yr,,,,,,,,,,,,,,,,4015.88,,,,,4436.7767,,,,,4501.4933,,,,,4377.8167,997.2967,93.6467,-248.71,-217.8733,-131.6333,-95.2233,-91.3,-111.0633,-178.3467,-275.1467,-319.55,-262.4967
REMIND 2.1,TechCost-SSP2-B1100-nucH,World,Emissions|CO2|Energy and Industrial Processes,Mt CO2/yr,,,,,,,,,,,,,,,,30505.4542,,,,,33276.524,,,,,34820.5323,,,,,35257.9141,32661.1498,29200.1279,23191.4221,16581.0658,11614.3949,6965.7577,3967.9914,1855.8984,-565.1991,-1223.706,-1595.5361,-2849.3695
REMIND 2.1,TechCost-SSP2-B1100-nucH,World,Emissions|CO2|AFOLU,Mt CO2/yr,,,,,,,,,,,,,,,,4015.88,,,,,4436.7767,,,,,4501.4933,,,,,4377.8167,997.2967,93.6467,-248.71,-217.8733,-131.6333,-95.2233,-91.3,-111.0633,-178.3467,-275.1467,-319.55,-262.4967
REMIND 2.1,TechCost-SSP2-B1100-oilH,World,Emissions|CO2|Energy and Industrial Processes,Mt CO2/yr,,,,,,,,,,,,,,,,30505.4542,,,,,33276.524,,,,,35008.2347,,,,,35620.5223,32660.2241,28913.4336,22967.5335,16608.3077,11518.0794,6819.0055,3807.2795,1768.1293,-483.1682,-1164.8736,-1750.2525,-3186.922
REMIND 2.1,TechCost-SSP2-B1100-oilH,World,Emissions|CO2|AFOLU,Mt CO2/yr,,,,,,,,,,,,,,,,4015.88,,,,,4436.7767,,,,,4501.4933,,,,,4377.8167,997.2967,93.6467,-248.71,-217.8733,-131.6333,-95.2233,-91.3,-111.0633,-178.3467,-275.1467,-319.55,-262.4967
REMIND 2.1,TechCost-SSP2-B1100-spvH,World,Emissions|CO2|Energy and Industrial Processes,Mt CO2/yr,,,,,,,,,,,,,,,,30505.4542,,,,,33276.524,,,,,34800.7981,,,,,35200.8872,32456.7864,28998.4927,23069.3169,16621.2495,11750.8853,7107.7433,4047.5266,1882.6749,-581.2497,-1214.6897,-1688.2513,-3038.0032
REMIND 2.1,TechCost-SSP2-B1100-spvH,World,Emissions|CO2|AFOLU,Mt CO2/yr,,,,,,,,,,,,,,,,4015.88,,,,,4436.7767,,,,,4501.4933,,,,,4377.8167,997.2967,93.6467,-248.71,-217.8733,-131.6333,-95.2233,-91.3,-111.0633,-178.3467,-275.1467,-319.55,-262.4967
REMIND 2.1,TechCost-SSP2-B1100-windH,World,Emissions|CO2|Energy and Industrial Processes,Mt CO2/yr,,,,,,,,,,,,,,,,30505.4542,,,,,33276.524,,,,,34820.215,,,,,35191.2182,32529.2752,28783.5704,22735.3619,16384.4212,11783.0613,7226.0867,4188.8319,2061.7367,-344.6182,-991.0775,-1475.9224,-2746.319
REMIND 2.1,TechCost-SSP2-B1100-windH,World,Emissions|CO2|AFOLU,Mt CO2/yr,,,,,,,,,,,,,,,,4015.88,,,,,4436.7767,,,,,4501.4933,,,,,4377.8167,997.2967,93.6467,-248.71,-217.8733,-131.6333,-95.2233,-91.3,-111.0633,-178.3467,-275.1467,-319.55,-262.4967
REMIND-Buildings 2.0,BEG-Base,World,Emissions|CO2|Energy and Industrial Processes,Mt CO2/yr,,,,,,,,,,,,,,,,30505.4541,,,,,33730.9978,,,,,35427.5432,,,,,37226.9391,40358.3059,44780.4735,48445.1902,50401.8013,52560.7932,55146.9652,57993.4693,60422.3096,62937.6565,62358.0496,58137.0809,53194.693
REMIND-Buildings 2.0,BEG-Base,World,Emissions|CO2|AFOLU,Mt CO2/yr,,,,,,,,,,,,,,,,4630.7433,,,,,4755.9233,,,,,5229.8033,,,,,5192.9167,4409.6433,3904.12,4071.21,4157.9267,3770.1033,3199.35,2696.9433,3133.5333,3517.7633,2155.01,687.0233,178.42
REMIND-Buildings 2.0,BEG-Budg600,World,Emissions|CO2|Energy and Industrial Processes,Mt CO2/yr,,,,,,,,,,,,,,,,30505.4541,,,,,33730.9978,,,,,35427.5432,,,,,37226.9391,33276.212,27195.1777,19549.843,13855.7881,9826.3247,6073.3524,3432.6828,1334.2962,-2111.2655,-4379.9427,-5670.6009,-6973.8398
REMIND-Buildings 2.0,BEG-Budg600,World,Emissions|CO2|AFOLU,Mt CO2/yr,,,,,,,,,,,,,,,,4630.7433,,,,,4755.9233,,,,,5229.8033,,,,,5192.9167,3909.6292,2083.3922,520.7377,-1824.1202,-3566.1863,-3611.5136,-4451.4563,-4995.6495,-5067.1082,-3602.1823,-2638.9952,-1916.7659
REMIND-Buildings 2.0,BEG-Budg600-EG,World,Emissions|CO2|Energy and Industrial Processes,Mt CO2/yr,,,,,,,,,,,,,,,,30505.4541,,,,,33730.9978,,,,,35427.5432,,,,,37226.9391,32234.7144,26244.1069,19049.2439,13684.4005,9787.1631,6086.0624,3479.3814,1426.2211,-1968.9761,-4216.3594,-5544.9569,-6950.3304
REMIND-Buildings 2.0,BEG-Budg600-EG,World,Emissions|CO2|AFOLU,Mt CO2/yr,,,,,,,,,,,,,,,,4630.7433,,,,,4755.9233,,,,,5229.8033,,,,,5192.9167,3909.6292,2083.3922,679.1845,-1683.9151,-3535.3939,-3555.6834,-4373.6599,-4925.3075,-5027.9033,-3589.2233,-2623.8227,-1895.7688
REMIND-Buildings 2.0,BEG-EG,World,Emissions|CO2|Energy and Industrial Processes,Mt CO2/yr,,,,,,,,,,,,,,,,30505.4541,,,,,33730.9978,,,,,35427.5432,,,,,37226.9391,39721.3217,43091.1979,46318.2569,48046.7636,50011.0141,52548.2714,55268.9375,57833.594,61245.238,62323.046,59095.848,54238.9051
REMIND-Buildings 2.0,BEG-EG,World,Emissions|CO2|AFOLU,Mt CO2/yr,,,,,,,,,,,,,,,,4630.7433,,,,,4755.9233,,,,,5229.8033,,,,,5192.9167,4409.6433,3904.12,4071.21,4157.9267,3770.1033,3199.35,2696.9433,3133.5333,3517.7633,2155.01,687.0233,178.42
REMIND-H13 2.1,START_BAU,World,Emissions|CO2|Energy and Industrial Processes,Mt CO2/yr,,,,,,,,,,,,,,,,30863.7322,,,,,33733.7079,,,,,35468.2918,,,,,37134.1068,39961.1051,43955.6841,47007.9015,48875.1778,51287.6427,53873.5087,56365.7377,58417.2106,60146.2433,59431.2514,55001.0806,50001.4854
REMIND-H13 2.1,START_BAU,World,Emissions|CO2|AFOLU,Mt CO2/yr,,,,,,,,,,,,,,,,3531.6659,,,,,3687.425,,,,,4121.7445,,,,,4061.7259,3762.2541,3430.8552,3931.8789,4075.8234,3770.0956,3199.3364,2696.9904,3133.5808,3517.8095,2155.0244,687.0676,178.3893
REMIND-H13 2.1,START_Current_Policies,World,Emissions|CO2|Energy and Industrial Processes,Mt CO2/yr,,,,,,,,,,,,,,,,30863.7322,,,,,33733.7079,,,,,35326.7365,,,,,36020.6307,37897.2628,40564.738,42496.1783,43404.4007,44810.264,46399.712,48132.5531,49947.1778,52906.6072,54405.8469,51936.831,47324.1707
REMIND-H13 2.1,START_Current_Policies,World,Emissions|CO2|AFOLU,Mt CO2/yr,,,,,,,,,,,,,,,,3531.6659,,,,,3687.425,,,,,4121.7445,,,,,4061.7259,3197.9008,1436.9972,1959.0563,2272.5601,2101.0801,2444.1228,2049.6373,2477.7094,2809.0141,1586.8224,431.1725,50.7382
REMIND-H13 2.1,START_Net-zero,World,Emissions|CO2|Energy and Industrial Processes,Mt CO2/yr,,,,,,,,,,,,,,,,30863.7322,,,,,33733.7079,,,,,35326.7365,,,,,36020.6307,35327.2071,33813.5056,30001.2081,24348.6805,19193.2909,15260.1622,12218.046,10009.3706,6548.3041,4330.957,2799.8143,1082.8594
REMIND-H13 2.1,START_Net-zero,World,Emissions|CO2|AFOLU,Mt CO2/yr,,,,,,,,,,,,,,,,3531.6659,,,,,3687.425,,,,,4121.7445,,,,,4061.7259,3197.9008,1273.9805,-803.8325,-2894.7593,-4257.3362,-3891.5034,-4508.3625,-4841.2057,-5136.3126,-4295.8722,-3191.5969,-2201.4098
REMIND-H13 2.1,START_Net-zero_noLandUse_CDRlim,World,Emissions|CO2|Energy and Industrial Processes,Mt CO2/yr,,,,,,,,,,,,,,,,30863.7322,,,,,33733.7079,,,,,35326.7365,,,,,36020.6307,34449.73,32308.118,27773.2527,21591.3775,16910.0816,13561.9217,11012.5648,8996.5296,5654.0276,3493.4388,1988.4593,558.6355
REMIND-H13 2.1,START_Net-zero_noLandUse_CDRlim,World,Emissions|CO2|AFOLU,Mt CO2/yr,,,,,,,,,,,,,,,,3531.6659,,,,,3687.425,,,,,4121.7445,,,,,4061.7259,3314.0446,1497.3224,-365.4942,-2290.5462,-3214.1209,-2499.3461,-2897.1101,-3181.0719,-3479.4673,-2645.5636,-1770.5397,-1158.3945
REMIND-H13 2.1,START_Net-zero_noNuc_lowVRE,World,Emissions|CO2|Energy and Industrial Processes,Mt CO2/yr,,,,,,,,,,,,,,,,30863.7322,,,,,33733.7079,,,,,35326.7365,,,,,36020.6307,35220.4149,33634.2052,29942.3604,23995.7514,18943.9577,14982.7733,12183.4208,10025.7517,6553.2727,4346.8149,2993.2218,1788.855
REMIND-H13 2.1,START_Net-zero_noNuc_lowVRE,World,Emissions|CO2|AFOLU,Mt CO2/yr,,,,,,,,,,,,,,,,3531.6659,,,,,3687.425,,,,,4121.7445,,,,,4061.7259,3197.9008,1273.9805,-803.8325,-2979.2964,-4363.4257,-4127.0714,-4725.4937,-5070.3882,-5328.6738,-4391.161,-3277.653,-2276.2539
REMIND-MAgPIE 2.0-4.1,Diff_1300Gt_hybrid_def,World,Emissions|CO2|Energy and Industrial Processes,Mt CO2/yr,,,,,,,,,,,,,,,,30505.4542,,,,,33836.8272,,,,,35541.9627,,,,,35556.2971,35082.5999,33883.6315,29206.1443,23006.7368,17562.8178,13385.0833,10188.0461,7586.1368,3941.626,1604.0893,-6.6232,-1421.313
REMIND-MAgPIE 2.0-4.1,Diff_1300Gt_hybrid_def,World,Emissions|CO2|AFOLU,Mt CO2/yr,,,,,,,,,,,,,,,,3871.3306,,,,,4415.7761,,,,,3551.8594,,,,,4193.6312,4843.9901,4015.49,2007.3609,-173.3173,-1480.3035,-2097.7693,-2805.1109,-3198.4805,-2961.314,-2352.814,-1744.9882,-1254.7869
REMIND-MAgPIE 2.0-4.1,Diff_1300Gt_no-transfer_def,World,Emissions|CO2|Energy and Industrial Processes,Mt CO2/yr,,,,,,,,,,,,,,,,30505.4542,,,,,33836.8272,,,,,35541.9627,,,,,35556.2971,34277.3108,32351.2289,28280.872,23030.2438,18453.6587,14407.278,10656.1057,7646.308,4062.5687,2403.9035,1359.056,256.312
REMIND-MAgPIE 2.0-4.1,Diff_1300Gt_no-transfer_def,World,Emissions|CO2|AFOLU,Mt CO2/yr,,,,,,,,,,,,,,,,3871.3306,,,,,4415.7761,,,,,3551.8594,,,,,4193.6312,4566.2018,4224.7479,4304.0187,3963.036,316.5508,-2713.6459,-3618.5428,-4072.416,-3767.8352,-3069.7902,-2388.6008,-1861.9827
REMIND-MAgPIE 2.0-4.1,Diff_1300Gt_uniform-pricing_def,World,Emissions|CO2|Energy and Industrial Processes,Mt CO2/yr,,,,,,,,,,,,,,,,30505.4542,,,,,33836.8272,,,,,35541.9627,,,,,35556.2971,35305.9358,34048.9342,28346.1823,22269.0559,17376.1369,13473.7586,10194.7684,7499.052,3796.6129,1359.2434,-41.0034,-1314.0295
REMIND-MAgPIE 2.0-4.1,Diff_1300Gt_uniform-pricing_def,World,Emissions|CO2|AFOLU,Mt CO2/yr,,,,,,,,,,,,,,,,3871.3306,,,,,4415.7761,,,,,3551.8594,,,,,4193.6312,4365.0132,3557.451,1982.6389,-88.8604,-1470.2737,-1952.5976,-2570.8729,-2977.4997,-2779.4585,-2217.8393,-1598.3445,-1083.847
REMIND-MAgPIE 2.0-4.1,Diff_No-policy_baseline,World,Emissions|CO2|Energy and Industrial Processes,Mt CO2/yr,,,,,,,,,,,,,,,,30505.4542,,,,,33836.8272,,,,,35937.3924,,,,,38116.2789,41857.0183,46962.4864,50787.9293,53003.7016,55320.6379,56922.6738,57496.3987,57300.9678,56477.9767,55864.9797,54052.523,51070.8777
REMIND-MAgPIE 2.0-4.1,Diff_No-policy_baseline,World,Emissions|CO2|AFOLU,Mt CO2/yr,,,,,,,,,,,,,,,,3871.3306,,,,,4415.7761,,,,,3581.2016,,,,,3741.6082,4315.4594,4544.8532,4714.6817,4522.2472,3752.6498,3023.2961,2878.9748,3608.0101,3695.0779,2018.1479,563.5402,166.2338
REMIND-MAgPIE 2.1-4.2,CEMICS_SSP1-1p5C-fullCDR,World,Emissions|CO2|Energy and Industrial Processes,Mt CO2/yr,,,,,,,,,,,,,,,,30505.4542,,,,,32966.8424,,,,,34555.4264,,,,,34734.8347,29527.7873,24157.1167,17958.4389,11987.4086,7421.9195,4149.4904,2256.4489,878.7416,-1125.3661,-1915.4825,-2235.0305,-2810.4086
REMIND-MAgPIE 2.1-4.2,CEMICS_SSP1-1p5C-fullCDR,World,Emissions|CO2|AFOLU,Mt CO2/yr,,,,,,,,,,,,,,,,3720.3944,,,,,4183.4559,,,,,4301.3304,,,,,4117.3211,360.365,255.9917,170.3323,149.2369,185.6125,219.7201,137.3662,-158.6088,-655.4736,-1209.4652,-1618.7512,-1779.5104
REMIND-MAgPIE 2.1-4.2,CEMICS_SSP1-1p5C-minCDR,World,Emissions|CO2|Energy and Industrial Processes,Mt CO2/yr,,,,,,,,,,,,,,,,30505.4542,,,,,32966.8424,,,,,34555.4264,,,,,34734.8347,27900.7525,21330.5502,15102.8957,9269.7964,5151.9714,2793.8963,1892.2086,1376.6449,876.3797,749.5816,565.3,442.9251
REMIND-MAgPIE 2.1-4.2,CEMICS_SSP1-1p5C-minCDR,World,Emissions|CO2|AFOLU,Mt CO2/yr,,,,,,,,,,,,,,,,3720.3944,,,,,4183.4559,,,,,4301.3304,,,,,4117.3211,365.8306,301.9152,317.3226,414.438,475.998,381.9496,116.4407,-246.2553,-627.9958,-970.6403,-1202.21,-1265.3945
REMIND-MAgPIE 2.1-4.2,CEMICS_SSP1-Npi,World,Emissions|CO2|Energy and Industrial Processes,Mt CO2/yr,,,,,,,,,,,,,,,,30505.4542,,,,,32966.8424,,,,,34555.4264,,,,,34734.8347,35229.215,36747.5466,37852.761,37144.4723,35649.0705,33937.4049,31957.0151,30011.9367,26444.9619,22079.0891,16991.5486,12570.6203
REMIND-MAgPIE 2.1-4.2,CEMICS_SSP1-Npi,World,Emissions|CO2|AFOLU,Mt CO2/yr,,,,,,,,,,,,,,,,3720.3944,,,,,4183.4559,,,,,4301.3304,,,,,4117.3211,3760.4501,3404.958,3220.6599,2864.4983,2019.4324,1015.425,318.8765,-67.5226,-381.9981,-730.0717,-1030.3262,-1149.9688
REMIND-MAgPIE 2.1-4.2,CEMICS_SSP2-1p5C-fullCDR,World,Emissions|CO2|Energy and Industrial Processes,Mt CO2/yr,,,,,,,,,,,,,,,,30505.4542,,,,,33298.7634,,,,,34867.6815,,,,,35256.5898,31133.4986,25440.1486,18178.9797,11825.0301,7494.1065,4350.7831,2637.0789,1774.0207,524.266,451.1535,638.3693,144.982
REMIND-MAgPIE 2.1-4.2,CEMICS_SSP2-1p5C-fullCDR,World,Emissions|CO2|AFOLU,Mt CO2/yr,,,,,,,,,,,,,,,,3716.7306,,,,,4182.1509,,,,,4245.2834,,,,,4069.1691,-207.0377,-372.5739,-358.2521,-146.4309,111.9373,233.8773,143.0773,-81.845,-300.7022,-420.1195,-411.8308,-315.4366
REMIND-MAgPIE 2.1-4.2,CEMICS_SSP2-1p5C-minCDR,World,Emissions|CO2|Energy and Industrial Processes,Mt CO2/yr,,,,,,,,,,,,,,,,30505.4542,,,,,33298.7634,,,,,34867.6815,,,,,35256.5898,28032.1155,19180.7934,12683.2207,8820.1937,6467.3711,4538.7927,3012.0558,1774.8488,324.4516,378.2007,347.4357,379.9501
REMIND-MAgPIE 2.1-4.2,CEMICS_SSP2-1p5C-minCDR,World,Emissions|CO2|AFOLU,Mt CO2/yr,,,,,,,,,,,,,,,,3716.7306,,,,,4182.1509,,,,,4245.2834,,,,,4069.1691,40.5246,-29.5356,-51.7738,30.9931,170.4312,231.3922,149.6076,-7.765,-159.6331,-274.7754,-320.0363,-276.786
REMIND-MAgPIE 2.1-4.2,CEMICS_SSP2-2C-fullCDR,World,Emissions|CO2|Energy and Industrial Processes,Mt CO2/yr,,,,,,,,,,,,,,,,30505.4542,,,,,33298.7634,,,,,34867.6815,,,,,35256.5898,34365.9558,32881.9381,28088.7561,21638.2526,15854.2659,11462.8204,8489.9788,6190.3996,3427.7317,2230.7802,2041.7522,1851.3662
REMIND-MAgPIE 2.1-4.2,CEMICS_SSP2-2C-fullCDR,World,Emissions|CO2|AFOLU,Mt CO2/yr,,,,,,,,,,,,,,,,3716.7306,,,,,4182.1509,,,,,4245.2834,,,,,4069.1691,-212.47,-359.2248,-341.6875,-199.3583,-86.2663,-66.8916,-76.7686,-66.3123,-87.6889,-175.1244,-250.1311,-239.8663
REMIND-MAgPIE 2.1-4.2,CEMICS_SSP2-2C-minCDR,World,Emissions|CO2|Energy and Industrial Processes,Mt CO2/yr,,,,,,,,,,,,,,,,30505.4542,,,,,33298.7634,,,,,34867.6815,,,,,35256.5898,32409.8417,28816.7205,23225.9059,17366.7647,13449.4073,10372.7939,8547.113,7079.7586,4599.9864,3062.4892,2801.8476,2410.4099
REMIND-MAgPIE 2.1-4.2,CEMICS_SSP2-2C-minCDR,World,Emissions|CO2|AFOLU,Mt CO2/yr,,,,,,,,,,,,,,,,3716.7306,,,,,4182.1509,,,,,4245.2834,,,,,4069.1691,109.3507,-8.5123,-96.5264,-84.1514,-25.2174,-12.0298,-50.4194,-94.5954,-143.1407,-205.387,-226.7386,-165.1291
REMIND-MAgPIE 2.1-4.2,CEMICS_SSP2-Npi,World,Emissions|CO2|Energy and Industrial Processes,Mt CO2/yr,,,,,,,,,,,,,,,,30505.4542,,,,,33298.7634,,,,,34867.6815,,,,,35256.5898,37006.4396,39641.2257,41778.1697,42940.0488,44540.8543,46335.8832,48129.3221,49959.7975,52993.1464,54179.6576,51260.1003,46573.68
REMIND-MAgPIE 2.1-4.2,CEMICS_SSP2-Npi,World,Emissions|CO2|AFOLU,Mt CO2/yr,,,,,,,,,,,,,,,,3716.7306,,,,,4182.1509,,,,,4245.2834,,,,,4069.1691,4436.9735,4269.5281,3961.3874,3710.6032,3638.9263,3763.0284,3999.7609,4139.4784,3853.7653,2962.5422,1751.9513,743.7271
REMIND-MAgPIE 2.1-4.2,SusDev_SDP-NPi,World,Emissions|CO2|Energy and Industrial Processes,Mt CO2/yr,,,,,,,,,,,,,,,,29686.1817,,,,,32688.0854,,,,,34285.1306,,,,,35158.9233,33984.8817,34550.8612,34176.1528,32785.8274,30745.8462,27720.4036,24154.6377,20811.3784,16017.4294,12729.2555,10340.4901,8397.2329
REMIND-MAgPIE 2.1-4.2,SusDev_SDP-NPi,World,Emissions|CO2|AFOLU,Mt CO2/yr,,,,,,,,,,,,,,,,3717.7867,,,,,4189.863,,,,,4262.6963,,,,,4081.9682,1907.3527,929.3688,128.1661,-439.2864,-801.5703,-916.9084,-816.8762,-663.7116,-608.1913,-697.3379,-867.8115,-988.4642
REMIND-MAgPIE 2.1-4.2,SusDev_SDP-PkBudg1000,World,Emissions|CO2|Energy and Industrial Processes,Mt CO2/yr,,,,,,,,,,,,,,,,29686.1817,,,,,32688.0854,,,,,34285.1306,,,,,35158.9233,29112.681,23419.5516,18011.9458,14115.9976,10747.8875,7485.6266,5535.4227,3820.1626,1099.6435,-225.4621,-702.446,-1329.5885
REMIND-MAgPIE 2.1-4.2,SusDev_SDP-PkBudg1000,World,Emissions|CO2|AFOLU,Mt CO2/yr,,,,,,,,,,,,,,,,3717.7867,,,,,4189.863,,,,,4262.6963,,,,,4081.9682,1413.5918,371.2028,-366.4581,-862.1406,-1215.1459,-1404.1803,-1470.7303,-1520.9078,-1639.8786,-1861.2681,-2119.8644,-2272.3403
REMIND-MAgPIE 2.1-4.2,SusDev_SSP1-NDC,World,Emissions|CO2|Energy and Industrial Processes,Mt CO2/yr,,,,,,,,,,,,,,,,29686.1817,,,,,32688.0854,,,,,34285.1306,,,,,35158.9233,34010.9824,33215.3969,30976.606,26806.4847,22937.2432,19811.4281,17391.6783,15221.455,11305.6151,8011.7895,5596.2506,3992.2443
REMIND-MAgPIE 2.1-4.2,SusDev_SSP1-NDC,World,Emissions|CO2|AFOLU,Mt CO2/yr,,,,,,,,,,,,,,,,3717.7867,,,,,4189.863,,,,,4262.6963,,,,,4081.9682,3851.3505,3402.4439,3064.87,2588.6828,1692.781,751.3691,180.7451,-129.2852,-438.2875,-811.8158,-1130.717,-1232.8851
REMIND-MAgPIE 2.1-4.2,SusDev_SSP1-NPi,World,Emissions|CO2|Energy and Industrial Processes,Mt CO2/yr,,,,,,,,,,,,,,,,29686.1817,,,,,32688.0854,,,,,34285.1306,,,,,35158.9233,35229.2827,36056.8231,36467.9835,35373.8331,33409.735,30868.6368,28078.3726,25340.026,20913.6311,17532.3154,14251.2728,11472.3879
REMIND-MAgPIE 2.1-4.2,SusDev_SSP1-NPi,World,Emissions|CO2|AFOLU,Mt CO2/yr,,,,,,,,,,,,,,,,3717.7867,,,,,4189.863,,,,,4262.6963,,,,,4081.9682,3730.8973,3417.2867,3225.3994,2857.5465,1988.6715,956.2692,264.887,-74.8238,-336.7793,-665.8467,-974.8016,-1096.4972
REMIND-MAgPIE 2.1-4.2,SusDev_SSP1-PkBudg900,World,Emissions|CO2|Energy and Industrial Processes,Mt CO2/yr,,,,,,,,,,,,,,,,29686.1817,,,,,32688.0854,,,,,34285.1306,,,,,35158.9233,28403.9663,21735.7938,15855.2887,10994.0715,6439.5351,2378.3411,-151.6519,-2015.6142,-3978.4131,-4593.2704,-4995.5474,-5628.1991
REMIND-MAgPIE 2.1-4.2,SusDev_SSP1-PkBudg900,World,Emissions|CO2|AFOLU,Mt CO2/yr,,,,,,,,,,,,,,,,3717.7867,,,,,4189.863,,,,,4262.6963,,,,,4081.9682,1387.7223,507.1853,100.5203,34.4336,60.4739,61.5053,-70.0932,-410.8513,-913.4671,-1444.3429,-1872.994,-2130.6652
REMIND-MAgPIE 2.1-4.2,SusDev_SSP2-NDC,World,Emissions|CO2|Energy and Industrial Processes,Mt CO2/yr,,,,,,,,,,,,,,,,29686.1817,,,,,32688.0854,,,,,34285.1306,,,,,35158.9233,35095.6342,34741.4125,32398.4845,28547.0314,25982.702,23688.2245,21635.3086,20167.7232,17487.5359,15559.2239,13529.3655,11963.4438
REMIND-MAgPIE 2.1-4.2,SusDev_SSP2-NDC,World,Emissions|CO2|AFOLU,Mt CO2/yr,,,,,,,,,,,,,,,,3717.7867,,,,,4189.863,,,,,4262.6963,,,,,4081.9682,4250.8532,4144.6316,3818.1412,3449.0379,3268.6879,3426.6573,3961.5093,4599.5773,4628.3777,3618.4061,2091.1277,877.498
REMIND-MAgPIE 2.1-4.2,SusDev_SSP2-NPi,World,Emissions|CO2|Energy and Industrial Processes,Mt CO2/yr,,,,,,,,,,,,,,,,29686.1817,,,,,32688.0854,,,,,34285.1306,,,,,35158.9233,36663.9714,38842.6995,40340.9616,41033.1396,41687.8692,42299.3228,42883.8698,43536.7973,45291.8126,47427.511,46938.3819,44612.7235
REMIND-MAgPIE 2.1-4.2,SusDev_SSP2-NPi,World,Emissions|CO2|AFOLU,Mt CO2/yr,,,,,,,,,,,,,,,,3717.7867,,,,,4189.863,,,,,4262.6963,,,,,4081.9682,4426.5629,4233.4292,3895.6468,3621.8665,3555.3423,3729.954,4022.0411,4172.0719,3873.0897,2993.2161,1822.9086,859.7272
REMIND-MAgPIE 2.1-4.2,SusDev_SSP2-PkBudg900,World,Emissions|CO2|Energy and Industrial Processes,Mt CO2/yr,,,,,,,,,,,,,,,,29686.1817,,,,,32688.0854,,,,,34285.1306,,,,,35158.9233,29930.2705,23216.7864,16445.8883,10630.6375,5655.3312,1311.5753,-952.8356,-2127.0754,-3224.678,-3573.9901,-4073.7436,-4834.8061
REMIND-MAgPIE 2.1-4.2,SusDev_SSP2-PkBudg900,World,Emissions|CO2|AFOLU,Mt CO2/yr,,,,,,,,,,,,,,,,3717.7867,,,,,4189.863,,,,,4262.6963,,,,,4081.9682,957.5808,-29.7296,-379.7126,-199.5348,137.8476,338.0706,270.422,7.8911,-269.3708,-433.546,-459.8831,-386.7737
REMIND-MAgPIE 2.1-4.3,DeepElec_SSP2_ HighRE_Budg1100,World,Emissions|CO2|Energy and Industrial Processes,Mt CO2/yr,,,,,,,,,,,,,,,,29555.0398,,,,,33421.5617,,,,,35996.3524,,,,,38613.1272,33138.4237,24625.955,18021.9409,12837.6664,8543.5062,6060.6558,4580.5454,3405.5141,1876.4708,1118.3983,670.9046,324.3769
REMIND-MAgPIE 2.1-4.3,DeepElec_SSP2_ HighRE_Budg1100,World,Emissions|CO2|AFOLU,Mt CO2/yr,,,,,,,,,,,,,,,,3650.3866,,,,,4219.1677,,,,,4373.5944,,,,,4270.8635,1734.1895,606.7649,157.3155,141.0556,211.9841,248.9998,198.1537,45.1157,-158.9535,-340.4118,-443.1907,-459.7323
REMIND-MAgPIE 2.1-4.3,DeepElec_SSP2_ HighRE_Budg1300,World,Emissions|CO2|Energy and Industrial Processes,Mt CO2/yr,,,,,,,,,,,,,,,,29555.0398,,,,,33421.5617,,,,,35996.3524,,,,,38613.1272,35010.7459,28203.6867,21392.4366,15858.7732,11550.4733,8923.9737,7364.1324,6139.771,4261.0032,3168.6303,2667.5726,2381.5277
REMIND-MAgPIE 2.1-4.3,DeepElec_SSP2_ HighRE_Budg1300,World,Emissions|CO2|AFOLU,Mt CO2/yr,,,,,,,,,,,,,,,,3650.3866,,,,,4219.1677,,,,,4373.5944,,,,,4270.8635,1740.6151,610.0817,165.2512,142.5233,155.521,107.818,49.805,1.8191,-78.9921,-191.0587,-259.6007,-260.8798
REMIND-MAgPIE 2.1-4.3,DeepElec_SSP2_ HighRE_Budg900,World,Emissions|CO2|Energy and Industrial Processes,Mt CO2/yr,,,,,,,,,,,,,,,,29555.0398,,,,,33421.5617,,,,,35996.3524,,,,,38613.1272,30215.3743,19716.9943,13494.3156,8407.0801,4451.7323,2247.0003,977.7301,250.1506,-403.3246,-520.8931,-638.5058,-578.3069
REMIND-MAgPIE 2.1-4.3,DeepElec_SSP2_ HighRE_Budg900,World,Emissions|CO2|AFOLU,Mt CO2/yr,,,,,,,,,,,,,,,,3650.3866,,,,,4219.1677,,,,,4373.5944,,,,,4270.8635,1611.5775,453.5651,25.6224,61.8666,131.9794,77.0582,-92.3631,-313.3525,-524.3985,-676.3098,-727.9576,-686.0372
REMIND-MAgPIE 2.1-4.3,DeepElec_SSP2_Base,World,Emissions|CO2|Energy and Industrial Processes,Mt CO2/yr,,,,,,,,,,,,,,,,29555.0398,,,,,33421.5617,,,,,36247.7379,,,,,39132.4512,41642.2018,43518.5916,44669.2219,44684.2159,44465.1967,44911.597,45146.4797,44714.2555,42776.6489,39730.384,35377.1142,32219.3547
REMIND-MAgPIE 2.1-4.3,DeepElec_SSP2_Base,World,Emissions|CO2|AFOLU,Mt CO2/yr,,,,,,,,,,,,,,,,3650.3866,,,,,4219.1677,,,,,4423.6969,,,,,4475.4776,4439.9766,4872.7963,5494.5743,5768.8405,5729.114,5724.695,5642.7583,5164.0947,4274.232,3174.2365,2104.5946,1259.2597
REMIND-MAgPIE 2.1-4.3,DeepElec_SSP2_def_Budg1100,World,Emissions|CO2|Energy and Industrial Processes,Mt CO2/yr,,,,,,,,,,,,,,,,29555.0398,,,,,33421.5617,,,,,35996.3524,,,,,38613.1272,34769.1041,28060.1371,21308.6062,15263.1932,9580.4261,5125.371,2247.1494,-72.6377,-3391.1464,-4600.0212,-5332.8326,-6163.341
REMIND-MAgPIE 2.1-4.3,DeepElec_SSP2_def_Budg1100,World,Emissions|CO2|AFOLU,Mt CO2/yr,,,,,,,,,,,,,,,,3650.3866,,,,,4219.1677,,,,,4373.5944,,,,,4270.8635,1806.505,737.8523,410.0686,550.2587,664.1854,543.404,288.7325,84.3722,-39.5755,-137.1434,-185.1617,-148.6729
REMIND-MAgPIE 2.1-4.3,DeepElec_SSP2_def_Budg1300,World,Emissions|CO2|Energy and Industrial Processes,Mt CO2/yr,,,,,,,,,,,,,,,,29555.0398,,,,,33421.5617,,,,,35996.3524,,,,,38613.1272,36613.4432,32569.8143,26742.5666,20861.8364,15208.4303,10634.389,7231.802,4313.161,500.7311,-1652.308,-3012.8759,-3777.9517
REMIND-MAgPIE 2.1-4.3,DeepElec_SSP2_def_Budg1300,World,Emissions|CO2|AFOLU,Mt CO2/yr,,,,,,,,,,,,,,,,3650.3866,,,,,4219.1677,,,,,4373.5944,,,,,4270.8635,1793.3462,691.9464,307.6217,380.7263,511.7709,545.1208,435.4451,214.1397,-10.2404,-145.4094,-167.0195,-102.741
REMIND-MAgPIE 2.1-4.3,DeepElec_SSP2_def_Budg900,World,Emissions|CO2|Energy and Industrial Processes,Mt CO2/yr,,,,,,,,,,,,,,,,29555.0398,,,,,33421.5617,,,,,35996.3524,,,,,38613.1272,31561.8626,21501.1734,14748.8099,8324.8243,2034.3288,-2553.5851,-4743.5804,-6266.1305,-8432.8789,-9533.4707,-10102.9021,-10467.072
REMIND-MAgPIE 2.1-4.3,DeepElec_SSP2_def_Budg900,World,Emissions|CO2|AFOLU,Mt CO2/yr,,,,,,,,,,,,,,,,3650.3866,,,,,4219.1677,,,,,4373.5944,,,,,4270.8635,1826.6983,829.4777,577.5705,736.5536,803.5157,618.2278,275.7251,-56.4479,-276.8622,-380.0588,-378.2322,-292.446
REMIND-MAgPIE 2.1-4.3,DeepElec_SSP2_Npi,World,Emissions|CO2|Energy and Industrial Processes,Mt CO2/yr,,,,,,,,,,,,,,,,29555.0398,,,,,33421.5617,,,,,35996.3524,,,,,38613.1272,40251.1226,41398.4352,42085.4629,42023.8985,41729.9995,41745.9037,41391.2213,40539.7592,38561.5786,36303.1281,32533.6967,28849.2217
REMIND-MAgPIE 2.1-4.3,DeepElec_SSP2_Npi,World,Emissions|CO2|AFOLU,Mt CO2/yr,,,,,,,,,,,,,,,,3650.3866,,,,,4219.1677,,,,,4373.5944,,,,,4270.8635,4613.3196,5145.801,5929.803,6300.0348,6161.8376,5830.633,5368.8587,4784.1166,4140.2245,3283.3447,2177.7613,1196.0401
REMIND-Transport 2.1,Transport_Budg1100_Conv,World,Emissions|CO2|Energy and Industrial Processes,Mt CO2/yr,,,,,,,,,,,,,,,,29846.9986,,,,,32506.2179,,,,,34026.3585,,,,,35063.7601,30781.3674,24545.6229,18358.0845,13597.8092,9905.8938,6769.8444,5382.4672,4332.9239,2714.05,1836.5415,1535.2819,1352.8829
REMIND-Transport 2.1,Transport_Budg1100_Conv,World,Emissions|CO2|AFOLU,Mt CO2/yr,,,,,,,,,,,,,,,,4015.88,,,,,4436.7767,,,,,4501.4933,,,,,4377.8167,997.2967,93.6467,-248.71,-217.8733,-131.6333,-95.2233,-91.3,-111.0633,-178.3467,-275.1467,-319.55,-262.4967
REMIND-Transport 2.1,Transport_Budg1100_Conv-LowD,World,Emissions|CO2|Energy and Industrial Processes,Mt CO2/yr,,,,,,,,,,,,,,,,29846.9986,,,,,32506.2179,,,,,34026.3585,,,,,35063.7601,31161.2405,25201.4036,18811.5738,13733.3739,10109.8854,6842.2722,5313.2395,4192.5905,2539.6081,1617.4767,1244.1017,1087.8975
REMIND-Transport 2.1,Transport_Budg1100_Conv-LowD,World,Emissions|CO2|AFOLU,Mt CO2/yr,,,,,,,,,,,,,,,,4015.88,,,,,4436.7767,,,,,4501.4933,,,,,4377.8167,997.2967,93.6467,-248.71,-217.8733,-131.6333,-95.2233,-91.3,-111.0633,-178.3467,-275.1467,-319.55,-262.4967
REMIND-Transport 2.1,Transport_Budg1100_ConvSyn,World,Emissions|CO2|Energy and Industrial Processes,Mt CO2/yr,,,,,,,,,,,,,,,,29846.9986,,,,,32506.2179,,,,,34026.3585,,,,,35063.7601,32702.7916,28797.1196,20435.5328,15534.2577,11247.8784,7405.0203,5247.4098,3476.6257,1093.446,171.6574,-45.9803,-223.444
REMIND-Transport 2.1,Transport_Budg1100_ConvSyn,World,Emissions|CO2|AFOLU,Mt CO2/yr,,,,,,,,,,,,,,,,4015.88,,,,,4436.7767,,,,,4501.4933,,,,,4377.8167,997.2967,93.6467,-248.71,-217.8733,-131.6333,-95.2233,-91.3,-111.0633,-178.3467,-275.1467,-319.55,-262.4967
REMIND-Transport 2.1,Transport_Budg1100_ElecPush,World,Emissions|CO2|Energy and Industrial Processes,Mt CO2/yr,,,,,,,,,,,,,,,,29846.9986,,,,,32506.2179,,,,,34026.3585,,,,,35063.7601,32017.1224,26489.7654,19711.0366,14149.6629,10108.0074,6525.3136,4767.2184,3553.8548,2189.2536,1478.6586,1064.7816,908.531
REMIND-Transport 2.1,Transport_Budg1100_ElecPush,World,Emissions|CO2|AFOLU,Mt CO2/yr,,,,,,,,,,,,,,,,4015.88,,,,,4436.7767,,,,,4501.4933,,,,,4377.8167,997.2967,93.6467,-248.71,-217.8733,-131.6333,-95.2233,-91.3,-111.0633,-178.3467,-275.1467,-319.55,-262.4967
REMIND-Transport 2.1,Transport_Budg1100_ElecPush-LowD,World,Emissions|CO2|Energy and Industrial Processes,Mt CO2/yr,,,,,,,,,,,,,,,,29846.9986,,,,,32506.2179,,,,,34026.3585,,,,,35063.7601,32109.3621,26640.2381,19703.119,14131.1857,10186.6298,6646.8005,4865.122,3597.9729,2159.8246,1386.6772,872.1829,629.5234
REMIND-Transport 2.1,Transport_Budg1100_ElecPush-LowD,World,Emissions|CO2|AFOLU,Mt CO2/yr,,,,,,,,,,,,,,,,4015.88,,,,,4436.7767,,,,,4501.4933,,,,,4377.8167,997.2967,93.6467,-248.71,-217.8733,-131.6333,-95.2233,-91.3,-111.0633,-178.3467,-275.1467,-319.55,-262.4967
REMIND-Transport 2.1,Transport_Budg1100_H2Push,World,Emissions|CO2|Energy and Industrial Processes,Mt CO2/yr,,,,,,,,,,,,,,,,29846.9986,,,,,32506.2179,,,,,34026.3585,,,,,35063.7601,31264.6274,25217.2669,18916.7289,13857.1036,10095.9326,6718.9763,5152.6134,4052.9388,2514.9073,1691.9501,1170.782,838.0154
REMIND-Transport 2.1,Transport_Budg1100_H2Push,World,Emissions|CO2|AFOLU,Mt CO2/yr,,,,,,,,,,,,,,,,4015.88,,,,,4436.7767,,,,,4501.4933,,,,,4377.8167,997.2967,93.6467,-248.71,-217.8733,-131.6333,-95.2233,-91.3,-111.0633,-178.3467,-275.1467,-319.55,-262.4967
REMIND-Transport 2.1,Transport_NDC_Conv,World,Emissions|CO2|Energy and Industrial Processes,Mt CO2/yr,,,,,,,,,,,,,,,,29846.9986,,,,,32506.2179,,,,,34026.3585,,,,,35063.7601,36107.7856,36388.1938,34556.8846,31944.0172,30697.2082,29894.5007,29450.4611,29012.2704,27720.5137,27272.4014,26245.377,24628.0886
REMIND-Transport 2.1,Transport_NDC_Conv,World,Emissions|CO2|AFOLU,Mt CO2/yr,,,,,,,,,,,,,,,,4015.88,,,,,4436.7767,,,,,4501.4933,,,,,4377.8167,4905.5967,4924.9567,4403.2267,3727.0567,3342.0933,3340.6267,3665.7133,4067.6167,3893.56,2774.53,1340.6067,459.1767
REMIND-Transport 2.1,Transport_NPi_Conv,World,Emissions|CO2|Energy and Industrial Processes,Mt CO2/yr,,,,,,,,,,,,,,,,29846.9986,,,,,32506.2179,,,,,34026.3585,,,,,35063.7601,37576.0507,40285.832,41849.5292,43126.6528,45313.4674,48118.249,51226.6726,53925.0968,57729.5375,59184.6059,56656.5933,51926.2599
REMIND-Transport 2.1,Transport_NPi_Conv,World,Emissions|CO2|AFOLU,Mt CO2/yr,,,,,,,,,,,,,,,,4015.88,,,,,4436.7767,,,,,4501.4933,,,,,4377.8167,4905.5967,4924.9567,4403.2267,3727.0567,3342.0933,3340.6267,3665.7133,4067.6167,3893.56,2774.53,1340.6067,459.1767
